borrow_id,user_id,lib_book_id,taken_time,due_time,return_time
1,82,87,2022-03-22 02:37:10.595960,2022-04-05 02:37:10.595960,
2,51,135,2023-11-29 10:33:52.195427,2023-12-13 10:33:52.195427,
3,23,232,2023-02-23 01:00:36.261610,2023-03-09 01:00:36.261610,
4,48,148,2023-07-04 05:21:55.730479,2023-07-18 05:21:55.730479,2023-07-10 05:12:46.245119
5,17,149,2022-10-20 01:20:42.587763,2022-11-03 01:20:42.587763,2023-09-30 21:04:23.523941
6,90,391,2023-10-31 17:27:51.977252,2023-11-14 17:27:51.977252,2023-11-13 21:34:11.104917
7,26,435,2023-03-18 11:46:21.644581,2023-04-01 11:46:21.644581,2023-10-29 03:54:27.301779
8,2,398,2023-11-29 15:15:48.860875,2023-12-13 15:15:48.860875,
9,30,405,2023-03-01 11:32:04.229137,2023-03-15 11:32:04.229137,2023-03-05 16:08:44.234101
10,83,13,2022-02-25 18:04:52.092877,2022-03-11 18:04:52.092877,
11,78,154,2023-10-05 16:38:42.856501,2023-10-19 16:38:42.856501,
12,32,70,2022-08-19 10:24:29.154112,2022-09-02 10:24:29.154112,2022-08-30 04:46:23.680699
13,10,297,2023-08-06 20:31:35.973899,2023-08-20 20:31:35.973899,2023-08-13 03:05:25.144193
14,36,473,2023-08-17 00:39:51.026916,2023-08-31 00:39:51.026916,2023-09-29 05:52:19.067021
15,90,388,2023-06-27 14:35:54.152600,2023-07-11 14:35:54.152600,
16,14,427,2023-01-30 01:49:21.383387,2023-02-13 01:49:21.383387,2023-11-07 05:00:57.898620
17,99,376,2023-11-18 20:18:43.159662,2023-12-02 20:18:43.159662,2023-12-10 05:41:35.187878
18,32,83,2023-10-07 11:11:38.008823,2023-10-21 11:11:38.008823,2023-10-19 21:35:45.840593
19,56,468,2023-04-07 19:32:17.428923,2023-04-21 19:32:17.428923,2023-04-09 17:08:39.270452
20,22,364,2022-05-01 16:22:30.602895,2022-05-15 16:22:30.602895,2023-02-13 01:53:27.960729
21,14,475,2022-03-04 19:53:52.447480,2022-03-18 19:53:52.447480,2023-10-23 21:03:34.295368
22,17,410,2023-02-25 03:28:49.109139,2023-03-11 03:28:49.109139,2023-02-25 23:10:02.053117
23,51,193,2022-04-13 12:25:18.541285,2022-04-27 12:25:18.541285,2023-04-08 21:54:58.258192
24,83,430,2022-02-22 04:19:09.085587,2022-03-08 04:19:09.085587,2023-11-24 21:59:11.311385
25,46,487,2023-11-09 20:31:25.969989,2023-11-23 20:31:25.969989,2023-11-25 19:46:32.310577
26,34,40,2022-06-23 14:34:59.685428,2022-07-07 14:34:59.685428,2022-06-30 01:12:33.590504
27,50,369,2023-04-14 14:41:11.699341,2023-04-28 14:41:11.699341,2023-11-20 02:57:33.113493
28,96,259,2022-09-03 20:33:14.754742,2022-09-17 20:33:14.754742,2022-09-17 16:59:44.395697
29,4,331,2023-07-26 12:10:13.720007,2023-08-09 12:10:13.720007,2023-11-13 04:31:28.778642
30,99,417,2022-06-22 20:09:15.095385,2022-07-06 20:09:15.095385,
31,80,325,2022-02-08 04:19:39.577919,2022-02-22 04:19:39.577919,
32,55,414,2022-10-17 19:36:07.125611,2022-10-31 19:36:07.125611,2022-10-23 02:11:16.341213
33,53,375,2022-05-07 18:31:32.502318,2022-05-21 18:31:32.502318,2023-05-11 22:23:45.946821
34,72,50,2022-04-03 02:31:16.887996,2022-04-17 02:31:16.887996,
35,60,207,2022-10-16 12:42:09.648026,2022-10-30 12:42:09.648026,2023-06-16 06:25:31.730292
36,51,147,2022-09-07 20:58:46.664109,2022-09-21 20:58:46.664109,
37,89,252,2022-04-03 13:54:06.418338,2022-04-17 13:54:06.418338,2022-04-15 13:31:10.342265
38,62,87,2022-06-17 15:12:17.528309,2022-07-01 15:12:17.528309,2022-06-22 19:17:46.402229
39,8,123,2022-02-26 09:53:33.803516,2022-03-12 09:53:33.803516,
40,91,52,2023-11-05 17:19:05.065416,2023-11-19 17:19:05.065416,2023-11-23 09:39:16.198482
41,59,375,2022-04-28 09:07:26.721753,2022-05-12 09:07:26.721753,2023-07-13 05:53:00.257011
42,90,14,2022-03-27 01:16:51.283978,2022-04-10 01:16:51.283978,2022-04-02 06:41:08.771839
43,47,73,2022-01-20 07:21:36.507670,2022-02-03 07:21:36.507670,
44,13,227,2022-11-26 21:22:02.276856,2022-12-10 21:22:02.276856,2022-12-12 16:01:51.490686
45,76,216,2023-07-27 03:21:23.093842,2023-08-10 03:21:23.093842,2023-11-12 06:57:25.174360
46,32,349,2023-05-19 09:41:02.215253,2023-06-02 09:41:02.215253,
47,92,427,2022-01-12 13:35:07.435224,2022-01-26 13:35:07.435224,
48,45,473,2023-08-11 20:46:23.696142,2023-08-25 20:46:23.696142,
49,30,9,2022-02-08 11:52:47.390316,2022-02-22 11:52:47.390316,2022-02-18 20:42:49.397604
50,93,467,2022-10-04 02:27:04.719231,2022-10-18 02:27:04.719231,
51,77,166,2022-07-27 21:35:35.559064,2022-08-10 21:35:35.559064,
52,23,427,2023-11-25 04:17:52.260426,2023-12-09 04:17:52.260426,
53,36,116,2022-01-19 02:39:59.159143,2022-02-02 02:39:59.159143,2023-07-26 20:28:09.841185
54,36,137,2023-05-05 14:06:22.449097,2023-05-19 14:06:22.449097,2023-05-07 16:37:05.873158
55,30,312,2022-04-17 23:49:22.694421,2022-05-01 23:49:22.694421,2022-04-24 04:53:23.727252
56,62,266,2023-08-12 02:08:53.703984,2023-08-26 02:08:53.703984,2023-09-26 21:45:23.317830
57,97,46,2023-02-06 11:35:47.140316,2023-02-20 11:35:47.140316,2023-02-11 02:03:10.290698
58,80,28,2023-10-30 01:57:43.208971,2023-11-13 01:57:43.208971,
59,47,139,2023-11-10 08:23:11.044161,2023-11-24 08:23:11.044161,2023-12-08 04:59:03.573583
60,31,368,2022-09-09 18:45:04.098002,2022-09-23 18:45:04.098002,2022-09-16 20:18:53.911432
61,92,222,2022-11-18 10:29:34.015535,2022-12-02 10:29:34.015535,
62,37,293,2022-12-24 19:38:10.567568,2023-01-07 19:38:10.567568,2023-01-29 07:10:25.068930
63,66,272,2022-03-14 17:14:06.188965,2022-03-28 17:14:06.188965,2023-07-20 05:34:03.197139
64,60,154,2023-08-09 16:16:44.001288,2023-08-23 16:16:44.001288,2023-09-07 03:50:35.269586
65,92,68,2022-03-19 21:41:30.128875,2022-04-02 21:41:30.128875,
66,90,321,2023-03-02 21:01:10.775829,2023-03-16 21:01:10.775829,
67,8,124,2023-08-28 04:48:05.296443,2023-09-11 04:48:05.296443,2023-08-29 14:09:56.806554
68,9,403,2023-11-03 14:21:39.409759,2023-11-17 14:21:39.409759,2023-11-04 12:59:31.184612
69,82,370,2022-10-12 14:13:43.770380,2022-10-26 14:13:43.770380,2022-10-24 07:05:41.286681
70,49,352,2023-04-27 17:31:05.763100,2023-05-11 17:31:05.763100,
71,100,356,2023-11-05 05:43:50.764366,2023-11-19 05:43:50.764366,2023-11-09 03:44:18.743099
72,68,417,2022-03-20 08:09:39.774451,2022-04-03 08:09:39.774451,
73,59,499,2022-07-20 15:34:26.455814,2022-08-03 15:34:26.455814,
74,21,320,2023-10-14 19:07:23.053720,2023-10-28 19:07:23.053720,
75,7,398,2023-11-17 11:25:09.810186,2023-12-01 11:25:09.810186,2023-12-08 01:57:06.228012
76,95,452,2022-12-27 03:19:03.670648,2023-01-10 03:19:03.670648,2023-03-02 14:22:55.668860
77,52,489,2023-04-14 00:24:11.962839,2023-04-28 00:24:11.962839,2023-09-20 16:04:55.563486
78,40,183,2022-02-16 13:18:03.190536,2022-03-02 13:18:03.190536,2022-02-18 06:02:10.215713
79,11,452,2022-12-10 10:49:31.283253,2022-12-24 10:49:31.283253,
80,46,152,2022-09-15 06:03:18.511449,2022-09-29 06:03:18.511449,2022-09-26 18:16:08.582007
81,92,6,2022-10-26 15:26:11.902489,2022-11-09 15:26:11.902489,2022-11-07 08:09:15.060307
82,63,159,2022-01-28 13:51:19.174725,2022-02-11 13:51:19.174725,2022-01-28 20:36:41.572506
83,78,214,2022-07-13 14:42:40.419849,2022-07-27 14:42:40.419849,2023-01-21 09:18:57.170959
84,95,366,2023-12-08 04:50:15.812119,2023-12-22 04:50:15.812119,2023-12-19 05:29:52.500646
85,60,335,2022-03-08 19:49:12.596331,2022-03-22 19:49:12.596331,
86,55,276,2023-08-09 20:27:13.310783,2023-08-23 20:27:13.310783,
87,39,92,2022-10-16 12:04:50.312104,2022-10-30 12:04:50.312104,2023-11-21 00:21:00.083818
88,87,327,2023-06-12 02:56:18.501633,2023-06-26 02:56:18.501633,
89,46,459,2023-07-09 09:03:51.507769,2023-07-23 09:03:51.507769,
90,13,423,2022-12-05 07:24:26.950663,2022-12-19 07:24:26.950663,
91,35,23,2022-08-08 19:01:45.725268,2022-08-22 19:01:45.725268,2022-09-25 14:12:24.214155
92,22,143,2023-07-18 21:15:28.073107,2023-08-01 21:15:28.073107,2023-11-27 14:52:38.663291
93,18,215,2023-05-10 06:49:03.264167,2023-05-24 06:49:03.264167,2023-11-20 03:41:07.794950
94,74,474,2022-11-16 07:02:25.864438,2022-11-30 07:02:25.864438,2022-11-25 23:48:52.482548
95,53,299,2023-11-01 16:10:24.282478,2023-11-15 16:10:24.282478,2023-11-14 13:58:55.131731
96,63,461,2022-05-15 00:44:18.293276,2022-05-29 00:44:18.293276,2022-05-23 12:27:06.983749
97,57,203,2022-03-09 02:48:26.322500,2022-03-23 02:48:26.322500,
98,84,42,2022-10-14 20:43:52.908144,2022-10-28 20:43:52.908144,2022-10-27 09:08:50.687142
99,6,496,2023-02-10 16:29:45.884633,2023-02-24 16:29:45.884633,2023-08-31 01:20:07.562383
100,57,330,2022-07-28 00:40:26.307619,2022-08-11 00:40:26.307619,2022-08-02 00:11:27.204726
101,10,115,2022-02-18 01:22:02.984686,2022-03-04 01:22:02.984686,
102,1,1,2023-10-22 09:20:12.108665,2023-11-05 09:20:12.108665,2023-11-11 13:51:36.166442
103,19,54,2022-09-12 16:51:08.161954,2022-09-26 16:51:08.161954,2022-09-16 22:12:20.345896
104,94,202,2023-11-11 03:13:13.073688,2023-11-25 03:13:13.073688,2023-11-29 06:10:41.517837
105,76,433,2023-01-10 00:38:37.778411,2023-01-24 00:38:37.778411,2023-01-18 11:39:50.942803
106,97,497,2022-02-14 13:05:33.815188,2022-02-28 13:05:33.815188,
107,75,111,2023-11-07 02:20:54.817356,2023-11-21 02:20:54.817356,2023-11-30 22:29:07.861068
108,52,5,2023-01-23 04:15:47.205660,2023-02-06 04:15:47.205660,2023-01-30 09:12:57.892204
109,25,54,2022-04-06 09:35:29.603816,2022-04-20 09:35:29.603816,2022-04-11 22:43:20.813120
110,79,350,2022-08-16 17:09:41.003604,2022-08-30 17:09:41.003604,
111,54,499,2023-08-09 17:36:16.676634,2023-08-23 17:36:16.676634,
112,20,94,2022-05-16 16:15:23.327964,2022-05-30 16:15:23.327964,2022-05-30 00:17:28.777349
113,82,216,2023-04-30 09:49:22.605103,2023-05-14 09:49:22.605103,2023-05-06 18:20:45.099449
114,31,309,2022-11-26 18:10:21.984813,2022-12-10 18:10:21.984813,2023-03-27 02:28:09.378140
115,31,28,2022-03-06 02:38:24.638690,2022-03-20 02:38:24.638690,2022-06-20 13:21:25.346024
116,11,350,2022-10-30 17:53:05.680225,2022-11-13 17:53:05.680225,2023-08-17 18:06:17.473414
117,79,143,2023-12-05 07:15:38.224698,2023-12-19 07:15:38.224698,2023-12-16 06:24:07.798862
118,19,281,2022-10-29 14:17:56.982980,2022-11-12 14:17:56.982980,2022-11-10 05:11:26.967326
119,50,387,2023-01-03 10:19:10.141841,2023-01-17 10:19:10.141841,
120,98,218,2023-11-01 23:41:27.499999,2023-11-15 23:41:27.499999,2023-12-09 17:20:40.610176
121,96,120,2022-11-23 19:38:12.017568,2022-12-07 19:38:12.017568,2022-12-06 21:09:43.518173
122,35,14,2023-05-20 07:08:31.607775,2023-06-03 07:08:31.607775,2023-05-30 19:45:48.299160
123,28,125,2023-07-31 05:33:42.889240,2023-08-14 05:33:42.889240,2023-08-02 17:58:09.520419
124,38,163,2023-02-21 19:24:42.501727,2023-03-07 19:24:42.501727,
125,85,270,2023-07-26 19:34:53.518189,2023-08-09 19:34:53.518189,
126,95,88,2022-10-03 14:09:36.777472,2022-10-17 14:09:36.777472,2023-08-11 02:38:42.914284
127,42,484,2022-08-20 07:08:31.694206,2022-09-03 07:08:31.694206,
128,15,75,2023-03-24 00:07:36.237330,2023-04-07 00:07:36.237330,
129,36,350,2023-08-01 18:49:42.984226,2023-08-15 18:49:42.984226,2023-08-11 23:39:07.284672
130,95,439,2023-12-11 03:52:29.162781,2023-12-25 03:52:29.162781,
131,14,222,2022-08-07 21:29:54.521207,2022-08-21 21:29:54.521207,
132,65,481,2023-01-23 10:45:03.870210,2023-02-06 10:45:03.870210,2023-11-10 07:49:41.400323
133,20,117,2022-02-19 07:59:24.238580,2022-03-05 07:59:24.238580,2022-02-22 21:13:03.523330
134,84,464,2022-04-10 18:45:15.974054,2022-04-24 18:45:15.974054,2022-04-20 06:05:03.932528
135,93,362,2022-10-16 04:58:39.643079,2022-10-30 04:58:39.643079,2022-10-22 12:04:08.280031
136,20,344,2023-02-01 19:13:07.090348,2023-02-15 19:13:07.090348,2023-02-12 01:39:07.633365
137,83,253,2022-06-26 19:36:22.098011,2022-07-10 19:36:22.098011,2022-07-04 23:25:19.794406
138,78,432,2022-07-19 03:09:44.820459,2022-08-02 03:09:44.820459,2023-11-28 05:51:24.502918
139,29,473,2023-03-29 02:01:02.488595,2023-04-12 02:01:02.488595,2023-05-10 10:30:07.021858
140,62,155,2022-05-06 01:25:31.465342,2022-05-20 01:25:31.465342,2022-05-06 03:15:24.432366
141,7,204,2022-04-03 05:31:25.853805,2022-04-17 05:31:25.853805,2023-04-03 01:11:30.352958
142,5,236,2023-12-07 00:47:52.674007,2023-12-21 00:47:52.674007,2023-12-21 00:47:52.682390
143,30,272,2023-06-14 03:00:22.052260,2023-06-28 03:00:22.052260,
144,85,399,2022-02-05 22:27:21.235491,2022-02-19 22:27:21.235491,2022-02-16 02:19:12.060663
145,35,492,2022-11-17 15:17:52.178362,2022-12-01 15:17:52.178362,2023-01-12 16:01:29.456715
146,59,79,2023-05-01 04:55:16.124882,2023-05-15 04:55:16.124882,2023-05-08 00:18:50.343477
147,73,397,2023-04-13 20:04:47.065795,2023-04-27 20:04:47.065795,2023-04-14 21:03:09.931141
148,37,112,2022-07-25 23:16:44.855062,2022-08-08 23:16:44.855062,2022-07-29 05:48:17.199790
149,70,122,2022-01-05 11:09:29.074311,2022-01-19 11:09:29.074311,2022-03-14 02:42:50.503002
150,38,366,2022-11-14 18:49:25.066235,2022-11-28 18:49:25.066235,2022-11-17 09:49:50.765023
151,36,183,2023-12-10 23:15:21.912048,2023-12-24 23:15:21.912048,
152,57,25,2023-11-12 13:51:09.024149,2023-11-26 13:51:09.024149,2023-11-29 22:47:39.608408
153,17,27,2023-12-05 13:04:00.422652,2023-12-19 13:04:00.422652,2023-12-19 13:04:00.448940
154,5,294,2022-05-08 16:20:43.865188,2022-05-22 16:20:43.865188,2023-10-08 22:06:14.771977
155,85,243,2022-04-26 02:30:09.171407,2022-05-10 02:30:09.171407,2023-05-25 18:10:08.347648
156,25,237,2023-05-18 07:23:13.019762,2023-06-01 07:23:13.019762,2023-05-26 02:48:18.890039
157,44,50,2023-10-01 23:21:27.106473,2023-10-15 23:21:27.106473,
158,13,61,2022-10-05 23:28:33.133166,2022-10-19 23:28:33.133166,2022-11-18 19:42:50.354150
159,88,103,2023-10-01 06:57:47.227555,2023-10-15 06:57:47.227555,2023-10-21 06:04:33.324164
160,45,228,2022-09-27 12:45:23.720994,2022-10-11 12:45:23.720994,2022-11-24 02:29:18.773402
161,20,261,2023-09-28 15:49:49.600191,2023-10-12 15:49:49.600191,2023-10-10 15:44:22.083893
162,26,291,2022-01-30 16:54:06.656799,2022-02-13 16:54:06.656799,2022-02-02 02:05:45.864905
163,76,365,2023-01-03 14:36:08.371798,2023-01-17 14:36:08.371798,
164,90,1,2022-10-13 13:56:51.390912,2022-10-27 13:56:51.390912,2023-03-08 12:43:00.426969
165,13,370,2023-05-30 13:42:21.979224,2023-06-13 13:42:21.979224,2023-06-06 13:55:56.409853
166,46,444,2023-01-03 14:42:25.182937,2023-01-17 14:42:25.182937,2023-11-28 08:43:54.997911
167,56,428,2022-04-01 21:18:33.069120,2022-04-15 21:18:33.069120,2022-04-25 11:25:19.803253
168,13,175,2022-03-07 07:21:56.047647,2022-03-21 07:21:56.047647,2022-03-18 14:00:46.131368
169,63,99,2022-01-04 16:51:46.154801,2022-01-18 16:51:46.154801,
170,49,486,2022-07-06 05:50:45.994535,2022-07-20 05:50:45.994535,2022-10-10 12:40:09.752187
171,25,109,2023-09-14 10:42:31.541780,2023-09-28 10:42:31.541780,2023-10-22 20:25:25.381701
172,87,243,2023-09-16 20:25:39.720623,2023-09-30 20:25:39.720623,2023-09-17 04:04:07.558536
173,81,147,2022-12-01 23:43:23.175429,2022-12-15 23:43:23.175429,2022-12-04 22:30:52.458519
174,8,246,2022-04-01 07:55:32.295562,2022-04-15 07:55:32.295562,2022-07-03 10:14:28.317379
175,87,393,2023-11-29 07:38:20.640944,2023-12-13 07:38:20.640944,2023-11-29 17:10:02.591645
176,60,101,2022-05-30 21:11:19.078961,2022-06-13 21:11:19.078961,
177,58,43,2022-11-03 07:16:46.488968,2022-11-17 07:16:46.488968,
178,1,165,2023-02-13 11:06:47.554174,2023-02-27 11:06:47.554174,2023-06-20 19:11:45.894335
179,33,249,2023-08-27 13:04:43.474681,2023-09-10 13:04:43.474681,2023-09-03 08:00:12.361521
180,68,470,2022-01-17 21:00:33.429324,2022-01-31 21:00:33.429324,2022-01-18 06:33:03.495056
181,38,113,2022-11-11 23:23:01.106159,2022-11-25 23:23:01.106159,
182,68,112,2023-06-21 12:19:06.023856,2023-07-05 12:19:06.023856,2023-06-23 10:51:04.034735
183,48,260,2022-04-18 09:30:23.340765,2022-05-02 09:30:23.340765,2022-04-25 14:49:47.168275
184,21,76,2022-01-07 13:20:32.579502,2022-01-21 13:20:32.579502,2022-01-11 23:04:10.318036
185,97,213,2023-10-13 10:35:22.399654,2023-10-27 10:35:22.399654,2023-10-21 03:48:51.645797
186,39,260,2022-02-06 10:44:32.135604,2022-02-20 10:44:32.135604,2022-11-10 12:30:31.013696
187,11,412,2022-01-29 07:01:31.535115,2022-02-12 07:01:31.535115,
188,75,250,2022-09-26 06:00:21.682780,2022-10-10 06:00:21.682780,
189,62,300,2022-01-13 11:18:49.562416,2022-01-27 11:18:49.562416,2022-01-19 01:40:18.946833
190,40,117,2022-05-14 21:53:53.543089,2022-05-28 21:53:53.543089,
191,19,176,2022-10-16 02:43:56.982690,2022-10-30 02:43:56.982690,2022-10-19 11:02:55.015314
192,50,267,2022-07-07 04:38:00.886747,2022-07-21 04:38:00.886747,2023-10-08 22:27:13.586522
193,41,386,2022-01-29 19:23:00.481642,2022-02-12 19:23:00.481642,2023-05-08 00:34:40.139832
194,38,500,2022-04-26 20:26:19.251664,2022-05-10 20:26:19.251664,2022-09-14 05:21:46.622819
195,74,198,2022-07-05 09:07:05.828496,2022-07-19 09:07:05.828496,
196,40,459,2023-11-09 00:41:38.664599,2023-11-23 00:41:38.664599,
197,56,206,2023-02-25 09:00:44.801980,2023-03-11 09:00:44.801980,2023-06-25 13:11:58.780244
198,13,421,2023-07-24 00:21:18.117363,2023-08-07 00:21:18.117363,2023-07-26 03:32:23.687513
199,68,206,2023-06-21 10:51:44.190941,2023-07-05 10:51:44.190941,
200,28,16,2023-04-27 21:44:14.429735,2023-05-11 21:44:14.429735,2023-10-30 07:46:56.544831
201,44,305,2022-01-10 13:43:41.022960,2022-01-24 13:43:41.022960,2022-07-30 02:49:18.783114
202,15,447,2023-07-31 16:38:05.908623,2023-08-14 16:38:05.908623,2023-11-21 04:12:53.969977
203,27,29,2022-07-29 15:16:35.631270,2022-08-12 15:16:35.631270,2022-09-14 05:17:09.555851
204,36,494,2022-07-21 15:47:34.441655,2022-08-04 15:47:34.441655,2022-07-22 13:14:28.148321
205,66,154,2022-10-13 23:25:11.260964,2022-10-27 23:25:11.260964,
206,83,101,2022-11-14 00:26:01.051811,2022-11-28 00:26:01.051811,2023-04-14 23:12:15.145057
207,31,27,2022-02-15 06:41:31.381269,2022-03-01 06:41:31.381269,
208,22,368,2023-03-08 02:35:53.679589,2023-03-22 02:35:53.679589,2023-09-08 07:22:41.244371
209,43,158,2022-07-10 12:28:16.133387,2022-07-24 12:28:16.133387,
210,86,284,2022-10-03 03:32:04.243875,2022-10-17 03:32:04.243875,2023-02-01 07:32:55.740484
211,45,409,2022-12-08 18:24:10.962319,2022-12-22 18:24:10.962319,2022-12-09 11:48:04.620380
212,65,7,2022-01-12 06:32:07.987037,2022-01-26 06:32:07.987037,2022-01-18 15:07:02.721507
213,61,84,2022-11-17 03:27:45.352834,2022-12-01 03:27:45.352834,2022-12-02 05:03:58.163930
214,12,391,2022-10-18 18:17:50.349171,2022-11-01 18:17:50.349171,2022-10-25 18:20:02.962543
215,39,15,2023-06-15 04:29:17.645444,2023-06-29 04:29:17.645444,2023-06-21 18:06:57.754063
216,57,190,2022-01-19 12:39:23.849712,2022-02-02 12:39:23.849712,
217,86,241,2023-08-19 13:59:59.625628,2023-09-02 13:59:59.625628,2023-12-10 22:11:48.085814
218,33,442,2023-06-12 22:49:25.096177,2023-06-26 22:49:25.096177,2023-07-07 22:38:23.512016
219,13,303,2023-05-14 22:06:42.629550,2023-05-28 22:06:42.629550,2023-05-21 13:31:16.705698
220,19,239,2023-12-04 01:47:19.727083,2023-12-18 01:47:19.727083,
221,35,257,2022-03-03 18:54:39.402547,2022-03-17 18:54:39.402547,2022-03-07 01:40:21.739481
222,35,193,2022-10-08 03:03:13.415082,2022-10-22 03:03:13.415082,
223,66,452,2022-11-11 07:45:11.060794,2022-11-25 07:45:11.060794,2022-11-24 19:36:08.476328
224,83,59,2022-11-26 23:03:12.737462,2022-12-10 23:03:12.737462,
225,70,326,2022-09-18 15:26:44.536891,2022-10-02 15:26:44.536891,2022-09-25 12:00:45.455668
226,71,45,2023-04-26 23:00:30.423610,2023-05-10 23:00:30.423610,2023-07-06 12:09:09.464273
227,94,428,2022-11-29 06:59:51.020835,2022-12-13 06:59:51.020835,2023-09-22 23:39:39.001087
228,9,473,2022-01-30 18:08:13.982546,2022-02-13 18:08:13.982546,2022-12-24 03:57:28.731923
229,64,145,2023-01-26 02:52:59.511625,2023-02-09 02:52:59.511625,2023-02-05 11:58:17.506762
230,75,139,2022-04-20 11:51:20.805848,2022-05-04 11:51:20.805848,
231,60,146,2022-03-30 23:01:27.415293,2022-04-13 23:01:27.415293,2023-08-20 03:50:40.187577
232,51,159,2023-09-01 04:16:46.536441,2023-09-15 04:16:46.536441,
233,67,446,2023-06-27 15:47:07.118328,2023-07-11 15:47:07.118328,2023-08-16 11:37:57.402425
234,32,6,2022-06-18 09:32:25.299684,2022-07-02 09:32:25.299684,
235,70,85,2023-10-01 12:36:00.511179,2023-10-15 12:36:00.511179,
236,67,158,2022-01-15 23:46:30.633735,2022-01-29 23:46:30.633735,2023-06-03 09:09:05.475191
237,65,247,2023-08-22 11:50:24.529548,2023-09-05 11:50:24.529548,2023-09-04 14:05:18.081479
238,6,428,2022-05-11 04:07:48.548011,2022-05-25 04:07:48.548011,2022-05-23 00:41:22.476366
239,63,352,2023-07-13 14:26:58.553163,2023-07-27 14:26:58.553163,2023-07-22 07:09:28.166478
240,87,23,2023-09-13 18:59:30.690808,2023-09-27 18:59:30.690808,
241,70,357,2022-06-01 13:36:32.549192,2022-06-15 13:36:32.549192,2022-06-13 07:46:37.425437
242,66,332,2022-11-18 00:40:56.550785,2022-12-02 00:40:56.550785,2023-01-25 01:04:25.639647
243,92,78,2023-04-30 01:06:45.528558,2023-05-14 01:06:45.528558,2023-09-20 02:21:56.928647
244,64,328,2022-06-30 00:44:01.012273,2022-07-14 00:44:01.012273,
245,80,55,2023-07-15 15:29:44.618968,2023-07-29 15:29:44.618968,2023-07-15 20:07:33.631883
246,39,329,2022-09-02 16:12:17.813273,2022-09-16 16:12:17.813273,2022-09-06 15:46:30.286621
247,38,194,2023-11-12 17:00:06.561560,2023-11-26 17:00:06.561560,
248,32,329,2023-06-24 20:47:58.961767,2023-07-08 20:47:58.961767,2023-06-28 06:26:26.746060
249,38,335,2022-01-14 00:30:46.676273,2022-01-28 00:30:46.676273,2022-01-19 21:11:47.658070
250,77,426,2022-09-06 12:19:43.579029,2022-09-20 12:19:43.579029,
251,11,24,2023-07-07 10:19:09.089859,2023-07-21 10:19:09.089859,2023-10-12 05:42:23.341706
252,78,272,2022-04-12 19:04:48.887971,2022-04-26 19:04:48.887971,2023-09-10 22:49:57.027098
253,82,302,2022-01-13 01:50:11.415246,2022-01-27 01:50:11.415246,2022-01-14 14:28:46.544367
254,76,95,2022-10-14 03:03:43.351839,2022-10-28 03:03:43.351839,2023-01-15 13:10:55.600603
255,79,384,2023-07-06 23:25:32.958792,2023-07-20 23:25:32.958792,2023-07-19 01:39:18.066648
256,21,51,2022-06-30 11:27:05.012601,2022-07-14 11:27:05.012601,2022-09-01 13:33:03.279783
257,2,408,2022-09-05 13:47:18.006453,2022-09-19 13:47:18.006453,2023-08-02 12:24:44.541020
258,20,395,2023-02-04 19:36:17.906619,2023-02-18 19:36:17.906619,2023-05-14 03:47:55.832366
259,75,382,2022-02-10 20:50:01.934063,2022-02-24 20:50:01.934063,
260,9,368,2023-09-10 13:46:01.852551,2023-09-24 13:46:01.852551,2023-12-08 03:45:12.107854
261,98,112,2023-02-21 01:27:03.007294,2023-03-07 01:27:03.007294,2023-07-04 17:37:51.291071
262,8,268,2023-02-02 07:01:58.533000,2023-02-16 07:01:58.533000,2023-02-11 07:05:33.987934
263,64,316,2023-11-04 20:07:56.719344,2023-11-18 20:07:56.719344,
264,11,242,2022-12-27 22:18:45.054412,2023-01-10 22:18:45.054412,
265,31,425,2023-05-03 11:33:51.631743,2023-05-17 11:33:51.631743,
266,73,249,2022-01-12 21:01:45.694608,2022-01-26 21:01:45.694608,2023-07-16 11:21:29.050401
267,37,455,2023-04-10 09:45:55.841898,2023-04-24 09:45:55.841898,2023-04-22 19:00:39.105762
268,16,331,2023-12-08 01:00:26.116042,2023-12-22 01:00:26.116042,2023-12-22 01:00:26.707200
269,58,95,2022-04-06 18:19:15.207399,2022-04-20 18:19:15.207399,
270,63,151,2023-03-23 01:31:36.988697,2023-04-06 01:31:36.988697,2023-04-04 18:13:10.612629
271,15,333,2023-09-14 00:49:50.368476,2023-09-28 00:49:50.368476,2023-11-13 13:06:38.870098
272,35,62,2023-07-07 16:23:08.121656,2023-07-21 16:23:08.121656,2023-09-16 22:34:48.216336
273,99,435,2022-10-18 18:46:33.799973,2022-11-01 18:46:33.799973,
274,67,140,2023-09-16 17:19:19.385947,2023-09-30 17:19:19.385947,
275,58,102,2022-03-08 23:03:40.054101,2022-03-22 23:03:40.054101,2022-03-09 20:16:37.922800
276,11,436,2022-05-16 21:57:46.609664,2022-05-30 21:57:46.609664,
277,91,15,2023-02-25 17:09:17.472636,2023-03-11 17:09:17.472636,
278,5,100,2023-02-22 01:29:05.909354,2023-03-08 01:29:05.909354,2023-08-17 05:18:24.586486
279,95,273,2023-09-17 10:45:17.441289,2023-10-01 10:45:17.441289,2023-09-25 08:36:09.667227
280,2,436,2022-01-06 12:54:21.073581,2022-01-20 12:54:21.073581,2022-01-10 01:47:52.913412
281,3,222,2023-06-07 09:19:32.920427,2023-06-21 09:19:32.920427,2023-06-19 02:02:14.997498
282,61,212,2022-08-28 14:34:23.704862,2022-09-11 14:34:23.704862,2023-01-02 14:21:43.681232
283,6,313,2022-12-03 08:43:38.810334,2022-12-17 08:43:38.810334,2022-12-16 03:39:49.560535
284,66,381,2022-07-21 09:26:51.372105,2022-08-04 09:26:51.372105,
285,33,496,2023-06-29 14:06:52.415563,2023-07-13 14:06:52.415563,2023-10-15 00:57:54.221912
286,24,143,2023-11-26 14:51:22.991194,2023-12-10 14:51:22.991194,2023-11-29 14:53:59.300652
287,100,280,2022-04-01 12:07:03.080020,2022-04-15 12:07:03.080020,2023-09-08 10:46:32.841878
288,38,223,2023-08-14 04:28:11.278368,2023-08-28 04:28:11.278368,2023-08-16 23:33:58.870788
289,61,376,2023-01-21 00:04:28.548055,2023-02-04 00:04:28.548055,
290,27,128,2023-03-28 06:02:13.517108,2023-04-11 06:02:13.517108,2023-04-04 12:36:58.451659
291,62,78,2023-04-14 09:44:26.251350,2023-04-28 09:44:26.251350,
292,21,384,2022-12-10 18:31:03.133556,2022-12-24 18:31:03.133556,2022-12-11 06:35:14.695395
293,98,271,2022-10-26 20:41:51.715438,2022-11-09 20:41:51.715438,2023-09-16 15:26:54.869499
294,79,351,2023-11-27 03:59:24.864593,2023-12-11 03:59:24.864593,2023-12-02 04:39:29.355401
295,85,392,2023-06-11 11:25:25.467460,2023-06-25 11:25:25.467460,2023-06-12 22:40:41.881572
296,95,281,2023-08-05 13:53:02.793116,2023-08-19 13:53:02.793116,2023-12-07 18:55:36.948397
297,84,316,2023-01-03 13:49:51.940763,2023-01-17 13:49:51.940763,2023-01-05 19:28:18.917142
298,83,480,2022-04-01 03:44:26.251925,2022-04-15 03:44:26.251925,2022-04-13 16:39:05.777116
299,63,139,2023-06-12 08:49:39.033591,2023-06-26 08:49:39.033591,2023-10-16 20:00:46.555556
300,13,140,2022-09-01 07:34:23.036076,2022-09-15 07:34:23.036076,
301,1,406,2023-08-11 18:08:09.620841,2023-08-25 18:08:09.620841,2023-09-01 09:24:50.911616
302,56,135,2023-05-20 09:01:34.727853,2023-06-03 09:01:34.727853,
303,61,190,2023-07-10 14:13:28.429949,2023-07-24 14:13:28.429949,2023-10-28 23:41:50.917665
304,72,282,2023-02-28 07:43:47.994470,2023-03-14 07:43:47.994470,
305,81,424,2023-09-14 14:04:05.124824,2023-09-28 14:04:05.124824,2023-09-25 16:41:48.443150
306,15,437,2023-08-03 00:22:06.041168,2023-08-17 00:22:06.041168,2023-08-16 04:05:00.652826
307,7,368,2022-02-12 06:44:34.853170,2022-02-26 06:44:34.853170,
308,29,40,2023-07-24 19:48:21.922929,2023-08-07 19:48:21.922929,
309,75,292,2022-01-07 20:51:13.446016,2022-01-21 20:51:13.446016,2023-09-05 02:04:04.675051
310,2,34,2023-06-25 20:40:56.502830,2023-07-09 20:40:56.502830,2023-11-16 07:29:37.765047
311,43,227,2022-10-09 19:42:48.152588,2022-10-23 19:42:48.152588,2023-08-30 02:53:40.091081
312,28,292,2023-08-17 16:28:54.404732,2023-08-31 16:28:54.404732,2023-08-29 02:43:01.104174
313,82,470,2023-01-09 17:17:30.558066,2023-01-23 17:17:30.558066,2023-11-03 21:45:58.742804
314,47,131,2022-05-23 13:29:42.197789,2022-06-06 13:29:42.197789,2022-06-02 07:45:02.092106
315,23,471,2023-08-11 17:27:13.820222,2023-08-25 17:27:13.820222,2023-08-24 07:57:35.239235
316,60,371,2022-10-27 23:22:07.896235,2022-11-10 23:22:07.896235,
317,96,488,2023-09-08 19:38:59.523333,2023-09-22 19:38:59.523333,2023-11-05 05:28:47.285612
318,28,80,2022-01-08 04:12:06.963594,2022-01-22 04:12:06.963594,2022-06-08 12:32:08.490617
319,10,373,2022-03-11 01:03:14.387883,2022-03-25 01:03:14.387883,2022-03-16 21:49:03.295990
320,38,275,2023-05-18 15:55:20.992192,2023-06-01 15:55:20.992192,2023-05-28 17:08:13.474620
321,67,385,2023-10-02 08:44:00.671534,2023-10-16 08:44:00.671534,2023-10-15 08:26:12.443009
322,63,47,2022-11-18 07:48:05.699777,2022-12-02 07:48:05.699777,2022-12-01 14:10:45.733613
323,87,72,2022-06-19 08:32:42.390071,2022-07-03 08:32:42.390071,2023-08-20 03:05:38.022191
324,100,186,2023-08-20 09:20:41.372949,2023-09-03 09:20:41.372949,2023-08-26 17:41:26.312713
325,21,237,2022-05-15 16:05:27.266576,2022-05-29 16:05:27.266576,
326,61,341,2023-09-23 07:51:14.378114,2023-10-07 07:51:14.378114,2023-12-11 16:11:48.494547
327,3,52,2022-03-30 22:43:02.355505,2022-04-13 22:43:02.355505,2023-03-10 10:41:44.756751
328,94,269,2023-04-11 07:55:27.352380,2023-04-25 07:55:27.352380,2023-04-13 06:51:38.296796
329,23,131,2023-04-20 10:25:20.520870,2023-05-04 10:25:20.520870,2023-06-16 11:14:24.307390
330,86,191,2022-03-20 07:51:23.443633,2022-04-03 07:51:23.443633,2022-03-26 05:31:15.186736
331,98,172,2022-04-13 23:44:05.685744,2022-04-27 23:44:05.685744,2022-04-24 11:48:39.218940
332,47,185,2023-10-05 06:01:36.098581,2023-10-19 06:01:36.098581,2023-10-21 09:16:45.581630
333,14,24,2022-09-20 18:54:36.950283,2022-10-04 18:54:36.950283,
334,17,224,2023-07-27 12:18:45.124974,2023-08-10 12:18:45.124974,
335,73,209,2022-09-27 22:37:25.443802,2022-10-11 22:37:25.443802,2022-10-04 02:29:32.640492
336,68,43,2023-10-03 22:37:45.229258,2023-10-17 22:37:45.229258,2023-11-12 14:45:09.764270
337,78,124,2023-08-27 07:16:24.222477,2023-09-10 07:16:24.222477,
338,4,323,2022-03-07 07:17:07.638087,2022-03-21 07:17:07.638087,2022-03-10 04:16:14.789854
339,7,40,2023-01-13 23:35:31.206131,2023-01-27 23:35:31.206131,2023-01-24 13:27:01.383290
340,17,227,2022-11-28 18:55:28.158658,2022-12-12 18:55:28.158658,2022-12-06 20:24:18.255899
341,95,366,2022-05-23 12:45:17.764896,2022-06-06 12:45:17.764896,
342,27,117,2023-02-22 14:21:53.258075,2023-03-08 14:21:53.258075,2023-04-05 11:45:06.988757
343,23,291,2022-01-17 15:08:33.956768,2022-01-31 15:08:33.956768,
344,96,447,2023-04-18 05:52:34.507876,2023-05-02 05:52:34.507876,
345,27,139,2023-05-29 03:30:47.578254,2023-06-12 03:30:47.578254,2023-06-13 08:12:10.065883
346,13,142,2023-02-03 02:10:46.510709,2023-02-17 02:10:46.510709,
347,55,443,2023-06-12 00:47:39.430897,2023-06-26 00:47:39.430897,2023-06-13 01:13:33.044902
348,63,18,2023-06-25 19:01:26.529129,2023-07-09 19:01:26.529129,2023-07-01 07:06:49.565902
349,23,337,2022-09-26 05:23:42.197461,2022-10-10 05:23:42.197461,2022-10-05 21:14:24.577462
350,41,440,2022-06-14 06:06:06.711390,2022-06-28 06:06:06.711390,
351,14,112,2023-06-25 18:16:46.034443,2023-07-09 18:16:46.034443,
352,15,356,2023-12-04 02:03:48.026263,2023-12-18 02:03:48.026263,2023-12-18 02:03:48.043135
353,3,14,2022-01-22 04:17:42.411829,2022-02-05 04:17:42.411829,2022-01-25 18:29:54.192347
354,49,485,2023-10-10 13:52:04.572465,2023-10-24 13:52:04.572465,2023-11-02 03:32:23.615059
355,92,173,2023-07-24 16:55:58.765348,2023-08-07 16:55:58.765348,2023-08-04 06:56:11.817822
356,80,92,2022-02-14 05:26:30.043888,2022-02-28 05:26:30.043888,2023-07-27 06:20:35.923384
357,37,50,2023-06-30 21:47:49.439411,2023-07-14 21:47:49.439411,2023-07-05 00:04:56.298916
358,95,306,2023-06-26 00:57:20.484371,2023-07-10 00:57:20.484371,2023-11-15 03:15:18.639036
359,72,445,2022-11-14 20:45:10.345745,2022-11-28 20:45:10.345745,2022-11-27 08:28:50.373573
360,58,279,2023-05-25 22:05:45.434115,2023-06-08 22:05:45.434115,
361,37,49,2022-01-15 22:53:04.453532,2022-01-29 22:53:04.453532,2022-01-24 06:13:48.254807
362,21,227,2022-04-19 09:50:07.834182,2022-05-03 09:50:07.834182,
363,36,45,2022-08-21 21:32:16.502707,2022-09-04 21:32:16.502707,2022-12-25 12:21:00.480859
364,60,184,2022-10-12 10:49:16.981502,2022-10-26 10:49:16.981502,2022-11-17 10:11:17.913395
365,65,348,2022-01-20 20:23:11.505311,2022-02-03 20:23:11.505311,2022-01-25 02:53:39.822227
366,6,226,2023-05-16 22:22:28.077400,2023-05-30 22:22:28.077400,2023-05-19 01:22:07.474916
367,43,204,2022-09-29 01:07:34.883838,2022-10-13 01:07:34.883838,2022-10-11 08:09:39.911367
368,100,138,2022-04-19 12:11:28.618614,2022-05-03 12:11:28.618614,2022-09-09 20:49:41.882270
369,15,131,2023-10-24 07:51:25.949919,2023-11-07 07:51:25.949919,2023-10-25 02:50:42.199704
370,78,414,2022-09-04 05:48:06.097636,2022-09-18 05:48:06.097636,
371,57,216,2023-07-13 16:17:43.006299,2023-07-27 16:17:43.006299,2023-10-10 05:02:05.646745
372,9,316,2023-08-16 01:44:58.981441,2023-08-30 01:44:58.981441,2023-10-13 00:18:08.624748
373,63,155,2023-11-20 21:29:57.485171,2023-12-04 21:29:57.485171,2023-11-24 04:49:25.247436
374,76,77,2022-01-04 23:13:15.623013,2022-01-18 23:13:15.623013,2023-02-07 20:30:04.634334
375,69,306,2022-07-11 07:25:47.735867,2022-07-25 07:25:47.735867,
376,2,225,2023-01-17 02:04:46.503280,2023-01-31 02:04:46.503280,2023-01-29 23:40:00.254894
377,15,166,2022-10-10 03:24:11.306248,2022-10-24 03:24:11.306248,2022-10-11 03:49:51.494537
378,77,180,2022-04-10 12:48:12.082622,2022-04-24 12:48:12.082622,2022-04-11 10:18:41.249858
379,77,17,2022-02-22 17:54:37.443599,2022-03-08 17:54:37.443599,
380,100,94,2022-09-11 10:00:59.470866,2022-09-25 10:00:59.470866,2022-09-14 03:58:26.349101
381,85,364,2022-06-09 12:02:36.561907,2022-06-23 12:02:36.561907,2022-08-23 15:46:36.154080
382,54,98,2023-12-06 18:19:01.037575,2023-12-20 18:19:01.037575,2023-12-20 18:19:01.552107
383,69,104,2023-03-10 03:51:34.480772,2023-03-24 03:51:34.480772,2023-11-03 16:44:31.496829
384,96,170,2023-03-06 04:16:25.501633,2023-03-20 04:16:25.501633,2023-07-20 11:07:26.272440
385,60,80,2022-08-08 09:44:45.882411,2022-08-22 09:44:45.882411,2023-11-04 20:14:26.602212
386,43,125,2023-11-23 20:49:38.615122,2023-12-07 20:49:38.615122,2023-12-10 00:32:37.307380
387,3,236,2023-10-12 12:46:11.264724,2023-10-26 12:46:11.264724,2023-10-18 03:54:13.150263
388,50,2,2022-04-26 22:56:35.400491,2022-05-10 22:56:35.400491,
389,43,251,2022-08-31 21:41:32.975564,2022-09-14 21:41:32.975564,
390,84,107,2023-06-22 02:21:56.236731,2023-07-06 02:21:56.236731,
391,60,95,2022-08-13 13:06:38.317979,2022-08-27 13:06:38.317979,
392,96,50,2023-09-06 16:34:10.393321,2023-09-20 16:34:10.393321,2023-10-25 09:22:12.598387
393,48,58,2023-06-07 17:21:52.970442,2023-06-21 17:21:52.970442,2023-06-10 05:23:04.275299
394,18,471,2023-04-07 19:54:45.614355,2023-04-21 19:54:45.614355,
395,22,33,2023-04-04 13:17:42.031229,2023-04-18 13:17:42.031229,
396,39,111,2022-07-08 05:33:53.615046,2022-07-22 05:33:53.615046,2023-02-08 08:30:08.409915
397,44,425,2022-05-22 02:33:33.290711,2022-06-05 02:33:33.290711,2023-01-23 02:45:08.672597
398,67,40,2023-08-07 21:47:45.134290,2023-08-21 21:47:45.134290,
399,37,418,2023-03-29 13:06:10.154847,2023-04-12 13:06:10.154847,2023-03-31 03:12:46.085577
400,14,228,2022-09-27 02:45:43.222551,2022-10-11 02:45:43.222551,2023-08-16 09:21:22.670175
401,52,351,2023-01-06 01:32:26.439065,2023-01-20 01:32:26.439065,2023-01-11 11:17:22.064375
402,67,335,2023-04-28 17:19:59.312417,2023-05-12 17:19:59.312417,2023-07-27 14:04:02.005906
403,70,135,2022-01-26 22:48:18.988375,2022-02-09 22:48:18.988375,2022-02-03 12:31:46.160871
404,96,317,2023-02-24 19:40:58.291202,2023-03-10 19:40:58.291202,
405,20,337,2022-06-02 02:25:25.531251,2022-06-16 02:25:25.531251,2022-06-08 21:20:02.411642
406,78,1,2022-05-06 15:41:05.947670,2022-05-20 15:41:05.947670,2023-08-18 12:26:09.158928
407,14,149,2023-10-27 14:04:24.249642,2023-11-10 14:04:24.249642,2023-11-24 15:41:53.780700
408,20,78,2022-09-22 20:53:26.614805,2022-10-06 20:53:26.614805,2022-10-11 09:20:52.020980
409,54,198,2022-11-11 02:40:01.733450,2022-11-25 02:40:01.733450,2022-11-11 14:39:47.317202
410,36,400,2022-12-17 04:39:37.339801,2022-12-31 04:39:37.339801,
411,39,123,2023-06-28 01:17:09.788692,2023-07-12 01:17:09.788692,2023-07-27 17:07:58.883723
412,49,401,2022-03-23 00:17:12.704939,2022-04-06 00:17:12.704939,2022-05-30 16:50:51.678890
413,100,58,2023-10-28 19:42:20.991124,2023-11-11 19:42:20.991124,
414,84,104,2022-12-03 09:30:56.603822,2022-12-17 09:30:56.603822,2023-07-16 17:06:41.962879
415,50,388,2023-09-02 01:28:12.939864,2023-09-16 01:28:12.939864,2023-09-02 08:24:43.422247
416,86,81,2022-09-18 20:40:10.565540,2022-10-02 20:40:10.565540,
417,95,408,2022-12-10 23:36:15.603976,2022-12-24 23:36:15.603976,2023-06-13 06:50:41.388352
418,20,491,2022-10-06 02:43:26.005113,2022-10-20 02:43:26.005113,
419,83,330,2023-06-16 21:01:01.691929,2023-06-30 21:01:01.691929,2023-06-18 13:19:39.581640
420,17,230,2023-11-26 11:12:09.012817,2023-12-10 11:12:09.012817,
421,44,252,2023-10-26 22:16:05.060890,2023-11-09 22:16:05.060890,
422,27,70,2022-01-21 22:05:11.494352,2022-02-04 22:05:11.494352,2022-07-19 22:39:12.215233
423,72,67,2023-10-13 00:35:41.739956,2023-10-27 00:35:41.739956,2023-10-20 07:03:15.758385
424,57,329,2023-08-27 03:11:44.189540,2023-09-10 03:11:44.189540,
425,51,390,2023-02-07 09:38:14.409453,2023-02-21 09:38:14.409453,
426,87,336,2023-10-06 03:53:24.204511,2023-10-20 03:53:24.204511,
427,50,417,2023-03-17 16:59:47.886007,2023-03-31 16:59:47.886007,
428,19,214,2022-09-15 07:31:37.698617,2022-09-29 07:31:37.698617,2022-09-17 15:34:46.048132
429,100,454,2022-02-10 19:08:32.937091,2022-02-24 19:08:32.937091,
430,62,323,2023-11-03 11:26:13.593081,2023-11-17 11:26:13.593081,2023-11-13 09:26:09.680829
431,82,360,2022-01-30 13:40:37.519897,2022-02-13 13:40:37.519897,2022-02-01 05:58:08.930031
432,94,151,2022-12-21 13:39:45.816489,2023-01-04 13:39:45.816489,2022-12-25 00:09:56.294428
433,85,291,2022-05-03 07:39:09.466312,2022-05-17 07:39:09.466312,2022-05-13 22:14:00.624845
434,21,43,2023-06-29 12:01:14.683166,2023-07-13 12:01:14.683166,2023-07-01 11:37:10.856602
435,31,220,2023-10-10 14:43:38.610424,2023-10-24 14:43:38.610424,2023-10-26 11:42:22.196205
436,72,483,2022-04-05 09:51:27.320369,2022-04-19 09:51:27.320369,2022-04-18 07:01:02.186042
437,17,212,2023-01-03 04:58:23.189951,2023-01-17 04:58:23.189951,
438,95,481,2022-11-25 15:48:55.286838,2022-12-09 15:48:55.286838,2023-08-28 18:19:02.358833
439,57,462,2023-07-02 03:43:36.372304,2023-07-16 03:43:36.372304,2023-07-10 19:35:38.810941
440,53,439,2022-07-10 04:53:03.540974,2022-07-24 04:53:03.540974,2022-07-13 05:58:19.646360
441,19,215,2022-06-28 04:59:29.151395,2022-07-12 04:59:29.151395,2022-07-03 00:08:49.333770
442,10,76,2022-11-27 11:26:23.248646,2022-12-11 11:26:23.248646,2023-04-23 16:14:49.852738
443,91,117,2022-11-15 02:00:18.828757,2022-11-29 02:00:18.828757,2022-11-20 17:06:14.530741
444,52,274,2023-09-21 12:44:01.618227,2023-10-05 12:44:01.618227,2023-11-15 16:34:30.411797
445,62,411,2022-02-06 23:23:42.662115,2022-02-20 23:23:42.662115,2022-02-16 15:42:50.111656
446,12,237,2022-12-24 22:19:21.875899,2023-01-07 22:19:21.875899,2022-12-31 20:54:06.268014
447,63,284,2022-05-12 23:55:00.693684,2022-05-26 23:55:00.693684,2022-11-02 10:58:28.767335
448,100,85,2023-05-29 02:42:33.708583,2023-06-12 02:42:33.708583,2023-06-14 00:08:36.433572
449,85,326,2023-08-05 21:01:22.386742,2023-08-19 21:01:22.386742,
450,64,149,2022-08-07 17:04:18.171561,2022-08-21 17:04:18.171561,2023-10-23 19:04:23.930658
451,77,498,2022-04-22 21:32:05.846250,2022-05-06 21:32:05.846250,2022-05-01 13:30:35.055518
452,56,439,2023-02-02 20:47:17.945723,2023-02-16 20:47:17.945723,2023-02-07 06:29:42.205004
453,23,269,2023-09-05 02:01:26.640908,2023-09-19 02:01:26.640908,2023-09-14 04:39:29.830048
454,70,484,2023-10-05 07:02:34.717417,2023-10-19 07:02:34.717417,2023-10-08 06:40:13.314070
455,42,337,2023-01-31 15:07:54.735006,2023-02-14 15:07:54.735006,2023-11-01 18:44:21.908378
456,87,423,2022-03-17 08:14:34.149275,2022-03-31 08:14:34.149275,2023-01-20 22:10:16.181451
457,65,295,2022-01-28 00:17:26.438983,2022-02-11 00:17:26.438983,2023-08-15 08:03:16.333109
458,36,500,2023-03-28 05:37:40.187706,2023-04-11 05:37:40.187706,2023-09-19 03:02:09.472793
459,45,309,2023-10-22 23:21:09.693776,2023-11-05 23:21:09.693776,
460,99,29,2023-06-26 19:26:44.798582,2023-07-10 19:26:44.798582,2023-07-03 12:52:10.820132
461,96,308,2023-10-30 07:19:51.524001,2023-11-13 07:19:51.524001,2023-12-08 15:09:20.759681
462,98,200,2022-02-04 09:45:43.201690,2022-02-18 09:45:43.201690,2023-01-20 04:28:21.137229
463,47,9,2023-10-31 01:05:10.645616,2023-11-14 01:05:10.645616,
464,70,263,2022-09-20 03:51:19.209354,2022-10-04 03:51:19.209354,2023-05-12 00:00:15.439682
465,64,30,2022-12-17 01:01:46.922328,2022-12-31 01:01:46.922328,
466,58,8,2022-12-26 18:20:12.636342,2023-01-09 18:20:12.636342,2022-12-27 00:27:04.870985
467,40,128,2023-10-29 19:44:36.809169,2023-11-12 19:44:36.809169,2023-11-27 13:24:29.279076
468,10,227,2023-08-18 00:49:41.825866,2023-09-01 00:49:41.825866,2023-10-20 15:19:33.010703
469,77,322,2022-01-02 21:06:31.240258,2022-01-16 21:06:31.240258,2022-01-08 10:59:38.266450
470,40,281,2022-05-22 07:58:04.413486,2022-06-05 07:58:04.413486,2023-05-27 18:45:40.451498
471,3,240,2023-01-29 18:31:53.327178,2023-02-12 18:31:53.327178,2023-02-07 19:42:26.958806
472,71,443,2022-08-16 07:16:12.598825,2022-08-30 07:16:12.598825,
473,62,141,2022-08-27 05:13:20.788396,2022-09-10 05:13:20.788396,
474,88,182,2023-11-13 03:22:24.688456,2023-11-27 03:22:24.688456,2023-11-25 11:43:32.313646
475,58,281,2022-01-21 01:13:06.018374,2022-02-04 01:13:06.018374,2023-11-02 14:50:48.017147
476,82,423,2023-08-18 12:09:31.846342,2023-09-01 12:09:31.846342,2023-11-13 18:39:00.314602
477,69,242,2022-09-30 00:30:09.986946,2022-10-14 00:30:09.986946,
478,77,196,2023-04-22 22:02:10.065966,2023-05-06 22:02:10.065966,2023-08-24 19:16:59.532667
479,20,364,2022-02-24 14:52:05.651574,2022-03-10 14:52:05.651574,
480,8,251,2023-12-09 00:42:09.516266,2023-12-23 00:42:09.516266,
481,71,258,2023-10-21 03:25:01.406406,2023-11-04 03:25:01.406406,
482,48,122,2022-01-31 23:18:20.579793,2022-02-14 23:18:20.579793,2023-05-01 18:24:24.599680
483,52,274,2023-01-28 06:11:14.711236,2023-02-11 06:11:14.711236,
484,10,438,2022-09-26 02:06:57.633240,2022-10-10 02:06:57.633240,
485,67,135,2023-02-08 00:05:17.098986,2023-02-22 00:05:17.098986,
486,43,133,2023-03-03 10:56:13.857532,2023-03-17 10:56:13.857532,2023-03-07 15:46:11.341982
487,91,79,2022-07-19 18:03:19.452548,2022-08-02 18:03:19.452548,
488,39,81,2023-01-16 23:14:42.959319,2023-01-30 23:14:42.959319,2023-08-16 22:58:57.294937
489,19,334,2022-12-01 02:17:59.913759,2022-12-15 02:17:59.913759,2023-08-09 16:53:01.194368
490,67,499,2023-04-11 01:01:33.995883,2023-04-25 01:01:33.995883,
491,66,129,2023-07-06 08:50:11.133624,2023-07-20 08:50:11.133624,
492,20,427,2023-08-28 05:40:20.869883,2023-09-11 05:40:20.869883,2023-11-25 06:01:54.845194
493,82,55,2023-09-18 16:15:21.379349,2023-10-02 16:15:21.379349,2023-11-02 04:23:09.413605
494,96,202,2022-05-16 06:32:47.786011,2022-05-30 06:32:47.786011,2022-05-20 10:30:09.149852
495,15,16,2023-10-09 01:42:03.340757,2023-10-23 01:42:03.340757,2023-11-07 22:54:06.649497
496,12,269,2022-06-29 19:04:55.347810,2022-07-13 19:04:55.347810,
497,77,214,2023-02-23 07:10:39.469785,2023-03-09 07:10:39.469785,
498,63,116,2022-10-22 03:30:46.778247,2022-11-05 03:30:46.778247,2022-10-26 21:23:26.988118
499,97,125,2022-01-10 03:56:06.364168,2022-01-24 03:56:06.364168,2023-05-26 14:46:33.900802
500,97,363,2023-06-02 23:40:27.108301,2023-06-16 23:40:27.108301,
501,20,144,2023-04-22 10:37:37.873247,2023-05-06 10:37:37.873247,2023-10-02 20:42:25.562191
502,46,487,2023-01-31 19:07:31.605262,2023-02-14 19:07:31.605262,2023-02-13 00:54:10.737050
503,65,52,2022-11-29 03:06:15.279614,2022-12-13 03:06:15.279614,2023-02-09 01:32:50.306579
504,61,314,2023-05-19 11:49:39.648279,2023-06-02 11:49:39.648279,
505,9,431,2023-06-15 08:33:15.898033,2023-06-29 08:33:15.898033,2023-06-18 04:03:46.071454
506,15,375,2023-04-16 13:21:52.333285,2023-04-30 13:21:52.333285,2023-05-16 02:35:54.696862
507,94,67,2022-09-16 18:29:10.850734,2022-09-30 18:29:10.850734,2022-09-19 09:51:08.459749
508,44,459,2022-05-27 18:32:31.193915,2022-06-10 18:32:31.193915,
509,29,150,2022-03-25 13:30:28.677075,2022-04-08 13:30:28.677075,2022-04-04 01:16:30.876572
510,48,135,2022-10-04 06:04:41.068044,2022-10-18 06:04:41.068044,2022-10-17 01:56:58.641041
511,66,451,2022-11-21 20:03:58.224852,2022-12-05 20:03:58.224852,2023-10-13 07:49:31.739897
512,10,174,2023-03-18 12:51:54.584953,2023-04-01 12:51:54.584953,2023-03-24 13:43:59.281646
513,10,21,2023-08-11 00:44:58.689417,2023-08-25 00:44:58.689417,
514,81,19,2023-06-03 04:53:30.601735,2023-06-17 04:53:30.601735,2023-10-29 09:31:32.047333
515,82,405,2023-05-19 09:02:53.250224,2023-06-02 09:02:53.250224,2023-05-20 05:53:02.107219
516,29,190,2022-11-19 22:30:52.505172,2022-12-03 22:30:52.505172,2023-11-24 08:25:44.521527
517,18,437,2022-09-08 07:55:00.231835,2022-09-22 07:55:00.231835,2023-05-16 10:13:59.262146
518,67,401,2023-08-25 10:57:14.748432,2023-09-08 10:57:14.748432,2023-09-01 12:36:46.997687
519,75,486,2022-05-31 06:16:16.043522,2022-06-14 06:16:16.043522,2022-06-02 13:49:25.323893
520,53,470,2023-03-31 09:07:52.117810,2023-04-14 09:07:52.117810,
521,74,260,2022-04-25 21:45:20.027178,2022-05-09 21:45:20.027178,2023-09-26 20:01:31.719715
522,37,434,2023-04-19 18:49:25.618519,2023-05-03 18:49:25.618519,2023-07-17 14:22:33.094617
523,100,3,2022-07-31 06:37:40.254677,2022-08-14 06:37:40.254677,2023-04-12 17:22:46.053640
524,83,216,2023-09-24 14:13:09.197191,2023-10-08 14:13:09.197191,2023-09-26 09:31:46.184005
525,84,304,2022-07-07 07:33:54.628415,2022-07-21 07:33:54.628415,2022-10-01 18:16:01.107405
526,65,117,2022-07-27 12:47:50.703264,2022-08-10 12:47:50.703264,2022-08-08 01:05:56.213910
527,84,317,2023-01-05 21:11:35.233660,2023-01-19 21:11:35.233660,
528,71,339,2022-01-22 13:18:44.341967,2022-02-05 13:18:44.341967,2022-01-31 06:35:11.575991
529,32,237,2022-03-20 04:01:22.772434,2022-04-03 04:01:22.772434,2022-05-31 02:12:47.475856
530,16,286,2023-08-02 18:35:37.784360,2023-08-16 18:35:37.784360,2023-08-05 20:38:05.698418
531,8,454,2023-08-15 11:55:51.972408,2023-08-29 11:55:51.972408,2023-08-24 12:47:28.711874
532,39,80,2022-07-01 13:42:18.273868,2022-07-15 13:42:18.273868,2022-07-13 21:26:24.783110
533,89,493,2023-04-20 00:10:03.711831,2023-05-04 00:10:03.711831,2023-04-30 11:41:33.958734
534,60,255,2023-12-06 14:34:57.184594,2023-12-20 14:34:57.184594,
535,29,374,2023-08-31 15:43:43.018372,2023-09-14 15:43:43.018372,2023-11-12 23:14:45.842144
536,63,121,2023-05-04 11:52:02.763382,2023-05-18 11:52:02.763382,
537,77,261,2022-03-15 03:45:23.060876,2022-03-29 03:45:23.060876,
538,34,490,2023-07-06 17:04:22.338329,2023-07-20 17:04:22.338329,2023-07-09 08:19:33.295154
539,52,409,2023-11-29 10:47:08.450133,2023-12-13 10:47:08.450133,
540,77,114,2022-12-03 00:49:09.183227,2022-12-17 00:49:09.183227,2023-05-11 00:30:42.821631
541,25,43,2023-03-30 02:39:43.275954,2023-04-13 02:39:43.275954,
542,50,245,2022-05-06 00:15:00.031515,2022-05-20 00:15:00.031515,2023-11-11 23:07:16.280183
543,71,398,2023-05-15 15:59:19.645909,2023-05-29 15:59:19.645909,2023-08-12 17:09:10.979098
544,26,273,2023-09-25 04:24:06.600671,2023-10-09 04:24:06.600671,2023-10-02 06:08:21.732276
545,71,123,2022-08-12 02:47:09.303730,2022-08-26 02:47:09.303730,
546,5,443,2022-05-24 10:58:01.672783,2022-06-07 10:58:01.672783,2022-05-27 14:20:45.611856
547,45,86,2022-01-14 06:12:45.870906,2022-01-28 06:12:45.870906,2022-01-20 05:05:42.945958
548,62,98,2022-01-07 00:49:40.699210,2022-01-21 00:49:40.699210,2022-01-12 00:00:02.897543
549,5,82,2022-01-31 02:18:42.921204,2022-02-14 02:18:42.921204,
550,60,411,2022-07-27 13:30:25.633898,2022-08-10 13:30:25.633898,
551,5,231,2022-04-27 22:01:12.596848,2022-05-11 22:01:12.596848,2022-12-09 20:14:44.483076
552,89,452,2023-08-17 07:45:16.283638,2023-08-31 07:45:16.283638,
553,58,425,2022-04-14 00:27:29.726086,2022-04-28 00:27:29.726086,2022-04-22 15:52:35.510366
554,55,181,2023-10-06 19:27:58.088149,2023-10-20 19:27:58.088149,2023-10-15 16:41:05.133765
555,89,194,2023-09-28 17:47:21.334915,2023-10-12 17:47:21.334915,2023-11-30 08:09:43.819681
556,8,244,2023-01-15 01:13:38.953412,2023-01-29 01:13:38.953412,2023-01-15 21:13:26.906015
557,52,239,2022-04-27 09:46:44.592488,2022-05-11 09:46:44.592488,2022-06-24 18:44:28.642007
558,73,98,2022-05-28 10:39:57.274199,2022-06-11 10:39:57.274199,2023-09-13 02:51:28.875276
559,29,39,2023-06-19 13:41:50.816209,2023-07-03 13:41:50.816209,2023-06-27 08:43:15.077076
560,89,207,2022-03-08 16:04:30.708612,2022-03-22 16:04:30.708612,
561,79,307,2022-01-23 13:29:03.910051,2022-02-06 13:29:03.910051,2022-09-25 07:13:35.869505
562,99,222,2023-11-07 09:13:22.376042,2023-11-21 09:13:22.376042,2023-11-16 03:05:53.494837
563,81,54,2022-05-22 08:42:09.290229,2022-06-05 08:42:09.290229,
564,64,74,2022-01-01 00:06:09.282767,2022-01-15 00:06:09.282767,2022-01-07 12:37:26.016198
565,31,442,2023-05-25 23:07:54.562259,2023-06-08 23:07:54.562259,2023-05-26 07:40:23.869146
566,9,128,2023-05-15 20:04:37.908031,2023-05-29 20:04:37.908031,2023-05-18 21:41:29.046646
567,15,193,2023-06-15 19:35:40.698821,2023-06-29 19:35:40.698821,
568,19,25,2022-08-19 20:27:24.521069,2022-09-02 20:27:24.521069,2022-08-29 13:47:30.783109
569,68,459,2023-05-14 03:29:28.586476,2023-05-28 03:29:28.586476,2023-05-27 08:12:40.625638
570,41,229,2023-07-31 17:31:06.366747,2023-08-14 17:31:06.366747,2023-08-19 13:45:39.418468
571,99,205,2022-08-05 22:18:43.655856,2022-08-19 22:18:43.655856,2023-03-26 09:52:12.339519
572,40,396,2022-07-11 19:31:11.930803,2022-07-25 19:31:11.930803,2023-06-07 00:12:14.082626
573,38,269,2022-11-01 03:14:50.942992,2022-11-15 03:14:50.942992,
574,77,255,2023-04-24 15:18:40.655493,2023-05-08 15:18:40.655493,2023-10-03 13:18:52.952018
575,28,485,2023-02-17 18:32:32.285258,2023-03-03 18:32:32.285258,2023-09-14 01:58:19.769307
576,96,327,2022-11-09 18:05:23.835321,2022-11-23 18:05:23.835321,
577,55,365,2022-03-25 04:53:56.027632,2022-04-08 04:53:56.027632,
578,92,403,2022-01-25 04:14:44.567635,2022-02-08 04:14:44.567635,2023-03-28 17:22:02.855673
579,28,430,2022-10-06 23:32:49.140123,2022-10-20 23:32:49.140123,2023-08-11 23:55:07.919368
580,57,361,2023-02-01 23:41:45.281345,2023-02-15 23:41:45.281345,
581,46,452,2022-10-02 21:51:45.602130,2022-10-16 21:51:45.602130,2023-06-10 05:56:31.239825
582,50,86,2023-07-13 13:06:10.938751,2023-07-27 13:06:10.938751,
583,2,243,2023-01-18 23:04:46.963633,2023-02-01 23:04:46.963633,2023-01-28 17:33:06.057990
584,17,354,2022-03-11 11:56:59.192571,2022-03-25 11:56:59.192571,2022-03-16 22:55:08.362198
585,59,88,2023-01-16 12:33:09.761006,2023-01-30 12:33:09.761006,2023-10-05 21:12:15.081478
586,88,420,2022-11-23 15:29:03.963846,2022-12-07 15:29:03.963846,2022-12-07 12:11:54.337925
587,42,179,2023-02-22 08:08:50.900565,2023-03-08 08:08:50.900565,2023-03-07 01:04:16.157166
588,85,457,2023-01-19 04:54:02.110324,2023-02-02 04:54:02.110324,2023-08-07 13:24:58.930272
589,11,10,2022-01-23 08:17:49.517260,2022-02-06 08:17:49.517260,2022-01-24 01:59:47.376673
590,22,244,2023-10-29 12:54:05.678634,2023-11-12 12:54:05.678634,2023-12-01 19:07:17.948059
591,76,416,2022-04-14 03:01:11.983346,2022-04-28 03:01:11.983346,
592,74,85,2023-11-23 15:41:53.898753,2023-12-07 15:41:53.898753,2023-12-07 17:24:01.306712
593,86,492,2022-02-19 15:53:51.372970,2022-03-05 15:53:51.372970,2022-03-02 02:07:36.704517
594,94,432,2023-07-13 14:13:52.400825,2023-07-27 14:13:52.400825,2023-07-19 21:16:33.073361
595,60,314,2022-07-21 08:21:30.503679,2022-08-04 08:21:30.503679,
596,43,3,2022-06-23 04:51:10.765522,2022-07-07 04:51:10.765522,2022-06-29 12:07:19.669416
597,77,230,2022-07-02 07:09:11.723548,2022-07-16 07:09:11.723548,2022-07-16 02:29:51.703130
598,56,206,2022-02-28 01:14:39.772634,2022-03-14 01:14:39.772634,2022-05-27 05:31:01.253619
599,82,429,2023-01-08 10:06:38.152805,2023-01-22 10:06:38.152805,2023-01-20 03:27:17.783076
600,86,395,2022-12-30 14:34:10.166350,2023-01-13 14:34:10.166350,2023-01-10 04:07:50.038241
601,75,35,2023-05-31 20:57:31.957178,2023-06-14 20:57:31.957178,2023-06-09 19:00:31.300219
602,81,81,2022-01-05 17:45:30.349251,2022-01-19 17:45:30.349251,2023-06-28 18:24:33.350986
603,57,55,2022-11-13 01:12:20.470571,2022-11-27 01:12:20.470571,2023-09-09 21:03:37.227336
604,53,260,2022-04-15 18:46:22.178981,2022-04-29 18:46:22.178981,
605,78,452,2023-11-27 04:40:17.581214,2023-12-11 04:40:17.581214,
606,27,108,2023-10-16 15:29:04.424503,2023-10-30 15:29:04.424503,2023-10-22 03:15:26.993683
607,64,74,2023-11-30 10:21:20.610862,2023-12-14 10:21:20.610862,2023-11-30 20:33:06.896780
608,26,48,2022-11-22 06:54:55.749856,2022-12-06 06:54:55.749856,2022-12-22 03:22:18.567450
609,8,467,2022-11-26 19:13:16.937629,2022-12-10 19:13:16.937629,2023-04-26 04:42:35.115198
610,32,413,2022-01-13 08:05:47.482637,2022-01-27 08:05:47.482637,
611,69,499,2023-09-02 13:25:51.489037,2023-09-16 13:25:51.489037,2023-09-08 18:39:40.414378
612,99,439,2022-06-20 07:17:52.411693,2022-07-04 07:17:52.411693,
613,15,336,2022-07-03 23:23:47.664846,2022-07-17 23:23:47.664846,
614,4,319,2022-11-08 14:00:26.845853,2022-11-22 14:00:26.845853,2022-11-09 23:42:48.566309
615,18,480,2022-11-16 19:45:52.698591,2022-11-30 19:45:52.698591,2023-04-15 15:07:15.515846
616,88,1,2023-03-03 12:22:02.452828,2023-03-17 12:22:02.452828,
617,24,491,2023-06-28 11:10:14.396558,2023-07-12 11:10:14.396558,
618,64,115,2022-03-12 13:11:37.758278,2022-03-26 13:11:37.758278,2022-10-25 03:23:09.129774
619,99,68,2023-02-22 02:01:24.280463,2023-03-08 02:01:24.280463,
620,43,59,2023-02-20 00:23:23.321267,2023-03-06 00:23:23.321267,2023-02-22 10:57:03.204317
621,81,46,2022-03-29 22:38:06.317627,2022-04-12 22:38:06.317627,
622,17,444,2023-04-07 17:28:53.948784,2023-04-21 17:28:53.948784,2023-04-12 05:05:08.252893
623,95,63,2022-08-31 07:56:52.740249,2022-09-14 07:56:52.740249,2023-05-30 11:44:43.895247
624,15,349,2022-09-22 18:08:55.096728,2022-10-06 18:08:55.096728,2022-09-24 18:40:13.862384
625,36,405,2022-06-22 19:21:54.763093,2022-07-06 19:21:54.763093,2022-06-29 00:10:37.577669
626,31,213,2022-09-21 15:26:43.811778,2022-10-05 15:26:43.811778,2023-06-21 17:03:27.340430
627,27,190,2022-05-01 05:10:26.553873,2022-05-15 05:10:26.553873,2023-07-24 18:58:39.729209
628,56,435,2022-02-18 07:56:48.830827,2022-03-04 07:56:48.830827,
629,42,222,2022-02-15 18:51:28.695365,2022-03-01 18:51:28.695365,2023-05-31 00:44:27.665562
630,5,398,2022-11-16 17:24:30.407798,2022-11-30 17:24:30.407798,2023-03-15 08:15:31.439653
631,13,418,2022-04-17 17:10:13.570883,2022-05-01 17:10:13.570883,2023-09-29 21:41:34.080568
632,31,448,2022-12-10 19:29:40.774153,2022-12-24 19:29:40.774153,2022-12-12 07:14:19.521458
633,46,55,2022-02-03 23:05:24.789940,2022-02-17 23:05:24.789940,
634,64,6,2022-07-25 17:58:36.315615,2022-08-08 17:58:36.315615,
635,77,407,2023-12-10 02:23:58.085424,2023-12-24 02:23:58.085424,2023-12-24 02:23:58.180497
636,6,198,2023-07-02 22:46:47.178568,2023-07-16 22:46:47.178568,
637,73,397,2022-05-31 07:00:45.330016,2022-06-14 07:00:45.330016,
638,92,71,2022-02-15 02:42:53.633576,2022-03-01 02:42:53.633576,
639,40,239,2022-05-04 07:37:15.978899,2022-05-18 07:37:15.978899,
640,60,45,2023-03-18 03:41:41.278290,2023-04-01 03:41:41.278290,2023-03-30 11:42:53.963302
641,39,199,2023-06-26 06:10:38.871554,2023-07-10 06:10:38.871554,2023-06-29 13:08:15.025533
642,25,87,2023-06-27 01:19:09.476147,2023-07-11 01:19:09.476147,
643,69,123,2023-06-22 15:25:22.515769,2023-07-06 15:25:22.515769,2023-09-03 16:08:37.181647
644,23,284,2023-04-04 04:34:15.242481,2023-04-18 04:34:15.242481,
645,53,172,2023-08-12 15:03:33.364944,2023-08-26 15:03:33.364944,
646,69,347,2023-11-24 09:37:34.241405,2023-12-08 09:37:34.241405,2023-12-03 04:46:23.444221
647,9,205,2023-07-07 20:54:24.593285,2023-07-21 20:54:24.593285,2023-07-15 02:00:12.126498
648,54,351,2022-06-11 07:09:57.168700,2022-06-25 07:09:57.168700,2023-10-17 07:13:01.752614
649,3,122,2023-01-10 00:24:45.054803,2023-01-24 00:24:45.054803,
650,88,347,2022-03-17 14:48:14.842257,2022-03-31 14:48:14.842257,2022-03-25 14:09:57.055956
651,42,235,2023-02-21 15:58:41.202961,2023-03-07 15:58:41.202961,
652,93,192,2023-06-23 04:50:07.728831,2023-07-07 04:50:07.728831,2023-07-05 06:40:32.533951
653,16,133,2022-04-14 18:01:44.731939,2022-04-28 18:01:44.731939,2022-04-24 01:04:27.535453
654,78,272,2023-08-26 12:17:59.790788,2023-09-09 12:17:59.790788,2023-10-09 03:55:30.854262
655,12,201,2022-06-16 13:29:43.351317,2022-06-30 13:29:43.351317,2022-10-12 17:33:46.018230
656,28,43,2022-01-20 19:15:50.075602,2022-02-03 19:15:50.075602,2022-11-02 05:00:23.172388
657,6,354,2023-09-03 06:39:39.170848,2023-09-17 06:39:39.170848,2023-10-10 05:39:39.471942
658,77,169,2023-08-23 16:46:40.211591,2023-09-06 16:46:40.211591,2023-08-27 23:42:39.197455
659,84,103,2023-01-05 05:29:57.476860,2023-01-19 05:29:57.476860,2023-01-18 16:50:15.427143
660,8,363,2023-07-21 03:35:34.988238,2023-08-04 03:35:34.988238,
661,66,40,2022-06-02 09:25:24.752922,2022-06-16 09:25:24.752922,
662,39,402,2022-09-09 05:36:42.123211,2022-09-23 05:36:42.123211,
663,24,392,2023-02-21 18:00:33.949308,2023-03-07 18:00:33.949308,
664,51,152,2022-11-19 11:38:35.876794,2022-12-03 11:38:35.876794,2022-11-27 02:15:54.993937
665,20,472,2022-06-26 06:10:01.964810,2022-07-10 06:10:01.964810,2023-05-23 16:02:39.106302
666,20,102,2023-02-26 12:26:50.234472,2023-03-12 12:26:50.234472,2023-04-09 16:02:39.650573
667,26,461,2022-04-03 03:44:49.415143,2022-04-17 03:44:49.415143,2023-01-19 13:07:48.084275
668,33,42,2023-01-02 11:49:01.471797,2023-01-16 11:49:01.471797,2023-01-09 15:42:18.348361
669,82,345,2023-04-29 03:48:37.560460,2023-05-13 03:48:37.560460,2023-05-09 10:41:52.497650
670,73,379,2022-02-04 17:02:51.293429,2022-02-18 17:02:51.293429,
671,66,139,2023-08-02 14:44:03.778619,2023-08-16 14:44:03.778619,2023-12-01 16:23:04.314286
672,50,274,2023-09-16 06:10:12.888645,2023-09-30 06:10:12.888645,2023-09-28 10:57:29.215153
673,65,325,2022-12-15 09:47:47.455601,2022-12-29 09:47:47.455601,2022-12-26 04:12:40.984092
674,76,303,2023-10-09 04:58:41.406006,2023-10-23 04:58:41.406006,2023-10-15 04:05:01.991884
675,26,255,2023-01-27 21:34:07.133558,2023-02-10 21:34:07.133558,2023-03-11 05:13:05.904008
676,68,94,2023-06-23 22:12:28.600095,2023-07-07 22:12:28.600095,2023-07-07 06:14:37.601122
677,12,181,2022-04-25 02:28:28.108604,2022-05-09 02:28:28.108604,2022-04-25 17:44:54.917002
678,41,216,2022-11-11 10:35:56.140496,2022-11-25 10:35:56.140496,
679,63,491,2022-11-20 18:11:33.152363,2022-12-04 18:11:33.152363,2022-12-03 19:25:45.318738
680,12,75,2022-06-02 04:19:11.868267,2022-06-16 04:19:11.868267,2022-06-25 08:55:10.943113
681,28,468,2022-03-31 04:31:14.525222,2022-04-14 04:31:14.525222,2023-01-31 09:16:12.788648
682,93,222,2022-09-06 23:29:08.654050,2022-09-20 23:29:08.654050,2023-09-28 16:26:48.514020
683,54,73,2023-09-09 00:04:01.979524,2023-09-23 00:04:01.979524,2023-11-27 09:33:22.685848
684,61,425,2023-08-28 01:41:31.313058,2023-09-11 01:41:31.313058,2023-12-02 01:52:46.246894
685,93,406,2023-08-06 09:03:03.228636,2023-08-20 09:03:03.228636,2023-09-02 22:15:53.061872
686,95,315,2022-09-22 20:11:21.552223,2022-10-06 20:11:21.552223,2022-10-03 21:36:53.346703
687,56,38,2022-06-08 22:33:55.637845,2022-06-22 22:33:55.637845,2022-06-09 16:55:33.998547
688,86,203,2023-04-09 00:06:04.706938,2023-04-23 00:06:04.706938,
689,93,442,2023-07-21 08:23:07.945125,2023-08-04 08:23:07.945125,2023-07-22 10:27:23.769537
690,92,445,2022-08-10 21:28:42.335546,2022-08-24 21:28:42.335546,2022-08-11 07:55:15.065493
691,91,379,2023-04-14 07:09:03.405327,2023-04-28 07:09:03.405327,
692,7,145,2022-10-23 00:34:54.587021,2022-11-06 00:34:54.587021,2022-11-04 05:58:56.603074
693,65,86,2023-11-20 04:54:35.702579,2023-12-04 04:54:35.702579,2023-12-09 13:34:01.278219
694,5,279,2022-02-04 10:02:38.065935,2022-02-18 10:02:38.065935,2022-02-10 18:16:11.970084
695,4,103,2023-06-24 07:49:27.700639,2023-07-08 07:49:27.700639,2023-10-21 20:26:50.073313
696,34,265,2023-07-15 13:22:02.666698,2023-07-29 13:22:02.666698,
697,15,210,2022-10-18 21:23:47.033664,2022-11-01 21:23:47.033664,2022-10-24 04:42:18.795778
698,50,318,2023-09-28 07:36:14.854684,2023-10-12 07:36:14.854684,
699,48,282,2022-04-20 13:03:04.339331,2022-05-04 13:03:04.339331,2023-01-27 15:59:59.339324
700,78,478,2022-04-01 14:53:14.523563,2022-04-15 14:53:14.523563,
701,71,349,2023-12-05 12:23:39.039298,2023-12-19 12:23:39.039298,2023-12-12 18:15:37.204081
702,72,443,2022-02-12 14:20:49.431176,2022-02-26 14:20:49.431176,
703,59,454,2022-07-19 08:45:13.619015,2022-08-02 08:45:13.619015,2022-07-21 21:51:15.228189
704,81,381,2023-08-26 09:44:02.439040,2023-09-09 09:44:02.439040,2023-10-08 08:47:04.321797
705,9,266,2022-07-13 03:23:40.051408,2022-07-27 03:23:40.051408,2023-09-21 10:45:29.050087
706,4,2,2023-02-19 00:55:19.939387,2023-03-05 00:55:19.939387,2023-02-25 15:13:45.275370
707,60,380,2023-07-13 10:25:58.264464,2023-07-27 10:25:58.264464,
708,96,479,2023-08-14 21:40:52.330646,2023-08-28 21:40:52.330646,2023-08-18 05:49:06.564637
709,37,375,2022-06-25 07:03:45.287815,2022-07-09 07:03:45.287815,2022-11-08 13:33:26.809809
710,32,249,2023-03-23 08:06:37.159377,2023-04-06 08:06:37.159377,2023-04-19 09:27:11.718596
711,76,420,2023-07-23 09:42:15.806735,2023-08-06 09:42:15.806735,2023-08-11 08:25:18.148105
712,9,436,2023-04-15 20:32:57.824734,2023-04-29 20:32:57.824734,2023-04-18 01:23:52.235567
713,38,498,2023-09-23 21:57:10.392995,2023-10-07 21:57:10.392995,2023-10-05 15:52:53.555389
714,89,483,2023-08-30 18:49:32.818363,2023-09-13 18:49:32.818363,2023-09-12 11:57:20.484170
715,94,366,2022-08-21 22:56:16.237559,2022-09-04 22:56:16.237559,
716,35,354,2022-02-21 18:51:13.278966,2022-03-07 18:51:13.278966,2023-02-19 23:20:21.556816
717,18,355,2023-03-24 04:27:02.673964,2023-04-07 04:27:02.673964,2023-04-01 03:11:37.154984
718,25,420,2023-04-13 22:20:04.646975,2023-04-27 22:20:04.646975,2023-04-24 22:27:38.421825
719,39,66,2022-03-18 03:00:44.656233,2022-04-01 03:00:44.656233,
720,23,495,2022-08-22 22:32:47.931179,2022-09-05 22:32:47.931179,
721,23,223,2023-11-07 12:19:28.488007,2023-11-21 12:19:28.488007,2023-11-12 02:39:33.616895
722,71,121,2023-01-22 04:09:11.345181,2023-02-05 04:09:11.345181,2023-01-26 07:51:54.148113
723,14,358,2023-01-17 14:45:39.986291,2023-01-31 14:45:39.986291,2023-06-25 22:41:37.265739
724,31,364,2022-05-29 07:45:06.248329,2022-06-12 07:45:06.248329,2022-06-01 17:13:07.776224
725,92,339,2022-10-21 13:25:15.194140,2022-11-04 13:25:15.194140,2023-05-05 03:18:46.236695
726,13,380,2022-12-23 12:26:48.479179,2023-01-06 12:26:48.479179,2023-09-27 23:45:45.025948
727,71,459,2023-08-19 04:13:00.834351,2023-09-02 04:13:00.834351,
728,99,276,2022-02-15 23:32:04.887742,2022-03-01 23:32:04.887742,2022-02-25 12:31:49.049751
729,88,437,2022-03-29 21:28:41.901222,2022-04-12 21:28:41.901222,
730,30,391,2023-06-14 23:03:15.765989,2023-06-28 23:03:15.765989,2023-06-28 14:33:26.544308
731,73,289,2022-12-05 02:17:03.408515,2022-12-19 02:17:03.408515,2022-12-11 20:41:42.273970
732,92,450,2023-01-11 18:37:52.104264,2023-01-25 18:37:52.104264,
733,87,370,2023-10-04 13:48:03.048482,2023-10-18 13:48:03.048482,
734,88,495,2022-07-19 14:56:12.633852,2022-08-02 14:56:12.633852,
735,10,456,2022-03-09 17:06:25.606519,2022-03-23 17:06:25.606519,2022-03-19 23:48:59.580164
736,35,423,2023-09-17 18:20:33.092936,2023-10-01 18:20:33.092936,2023-11-20 11:06:38.552147
737,18,164,2023-09-10 20:41:05.945239,2023-09-24 20:41:05.945239,
738,52,292,2022-02-13 00:57:01.918993,2022-02-27 00:57:01.918993,2022-02-23 12:19:14.799291
739,36,146,2022-04-18 07:05:28.741370,2022-05-02 07:05:28.741370,
740,26,86,2023-05-22 04:18:07.284600,2023-06-05 04:18:07.284600,2023-05-28 04:41:18.984575
741,65,447,2023-06-09 20:45:26.098067,2023-06-23 20:45:26.098067,2023-11-09 17:57:14.341752
742,14,32,2022-02-01 21:10:25.662575,2022-02-15 21:10:25.662575,
743,75,184,2022-03-16 10:29:47.868144,2022-03-30 10:29:47.868144,2022-03-27 14:12:03.075608
744,64,474,2022-08-09 17:07:12.388807,2022-08-23 17:07:12.388807,2022-08-15 14:34:35.963894
745,38,388,2023-07-31 10:59:39.377027,2023-08-14 10:59:39.377027,2023-08-11 01:50:23.041189
746,72,212,2022-06-21 08:54:24.792325,2022-07-05 08:54:24.792325,2023-09-27 01:35:58.619044
747,19,499,2023-05-09 01:26:25.427179,2023-05-23 01:26:25.427179,2023-05-12 02:32:31.097995
748,47,35,2022-10-26 09:27:39.190274,2022-11-09 09:27:39.190274,2023-06-25 20:03:48.002231
749,35,87,2023-05-29 12:17:06.335203,2023-06-12 12:17:06.335203,2023-06-29 13:02:22.300011
750,79,448,2022-03-12 19:50:05.397295,2022-03-26 19:50:05.397295,2022-03-14 14:30:48.368339
751,27,225,2022-08-25 15:38:18.719704,2022-09-08 15:38:18.719704,2022-09-07 22:15:22.184926
752,58,145,2022-10-16 11:51:03.969610,2022-10-30 11:51:03.969610,2022-10-22 23:27:51.057243
753,4,197,2023-03-05 00:53:19.721083,2023-03-19 00:53:19.721083,
754,56,359,2022-11-02 01:21:48.139348,2022-11-16 01:21:48.139348,2022-11-08 20:30:28.678092
755,39,173,2022-11-03 04:48:35.902751,2022-11-17 04:48:35.902751,
756,23,316,2022-11-13 04:11:57.091343,2022-11-27 04:11:57.091343,2022-11-26 13:12:54.158880
757,76,307,2022-03-09 19:55:50.421230,2022-03-23 19:55:50.421230,2022-03-20 06:21:41.598093
758,64,226,2023-11-02 04:15:11.497941,2023-11-16 04:15:11.497941,2023-12-03 18:43:09.290672
759,91,104,2023-09-22 13:30:25.950433,2023-10-06 13:30:25.950433,2023-10-02 06:10:21.256587
760,19,470,2022-06-29 20:14:25.652554,2022-07-13 20:14:25.652554,
761,60,342,2022-03-31 09:06:13.915476,2022-04-14 09:06:13.915476,
762,41,162,2023-07-21 22:34:39.254556,2023-08-04 22:34:39.254556,2023-11-24 01:26:44.060551
763,10,482,2022-04-01 04:26:48.926013,2022-04-15 04:26:48.926013,2022-04-13 00:29:47.959731
764,50,92,2023-02-03 00:41:32.981704,2023-02-17 00:41:32.981704,2023-02-27 11:22:17.552621
765,23,336,2023-07-14 16:32:05.634323,2023-07-28 16:32:05.634323,2023-07-21 18:56:11.734894
766,98,393,2022-03-19 22:44:00.783911,2022-04-02 22:44:00.783911,
767,82,416,2023-05-16 01:27:36.271711,2023-05-30 01:27:36.271711,
768,89,328,2022-01-14 17:40:18.159775,2022-01-28 17:40:18.159775,2022-01-21 14:19:46.809736
769,88,342,2023-06-27 10:26:47.268804,2023-07-11 10:26:47.268804,2023-08-13 11:11:24.785920
770,76,212,2023-05-02 07:49:58.643942,2023-05-16 07:49:58.643942,2023-05-07 18:44:18.058919
771,54,208,2023-04-29 03:52:22.685483,2023-05-13 03:52:22.685483,
772,7,285,2023-07-20 08:48:25.500718,2023-08-03 08:48:25.500718,2023-08-10 02:00:51.217580
773,96,344,2023-04-09 05:32:57.444202,2023-04-23 05:32:57.444202,
774,7,287,2023-03-07 06:49:18.036184,2023-03-21 06:49:18.036184,
775,84,487,2022-06-21 16:37:26.594362,2022-07-05 16:37:26.594362,
776,42,176,2023-04-02 10:48:57.040118,2023-04-16 10:48:57.040118,2023-04-09 18:28:33.818851
777,83,467,2022-09-14 14:04:52.918934,2022-09-28 14:04:52.918934,
778,27,31,2022-06-20 04:53:58.598118,2022-07-04 04:53:58.598118,2022-06-27 13:33:33.429175
779,1,345,2023-07-20 20:43:41.132918,2023-08-03 20:43:41.132918,
780,90,317,2023-05-19 02:06:34.783896,2023-06-02 02:06:34.783896,2023-09-02 17:25:55.164954
781,20,411,2023-02-01 03:05:36.124482,2023-02-15 03:05:36.124482,
782,22,176,2023-04-11 03:56:04.597997,2023-04-25 03:56:04.597997,
783,94,251,2023-04-11 16:28:28.720681,2023-04-25 16:28:28.720681,2023-04-22 22:31:01.470544
784,74,409,2023-05-19 01:58:23.627773,2023-06-02 01:58:23.627773,2023-05-19 20:14:53.450861
785,70,430,2023-10-23 06:26:25.402243,2023-11-06 06:26:25.402243,
786,14,409,2023-08-13 15:27:30.775055,2023-08-27 15:27:30.775055,2023-08-19 13:00:23.682645
787,45,254,2023-02-13 20:55:26.050297,2023-02-27 20:55:26.050297,2023-03-09 08:52:32.631016
788,86,390,2023-08-26 22:06:27.090969,2023-09-09 22:06:27.090969,2023-08-27 22:49:19.771176
789,37,334,2022-10-27 13:29:53.919381,2022-11-10 13:29:53.919381,2023-10-08 21:52:09.646724
790,18,387,2022-06-25 01:37:04.265631,2022-07-09 01:37:04.265631,2022-07-03 13:40:24.573604
791,75,249,2022-10-27 11:19:45.469733,2022-11-10 11:19:45.469733,2023-02-08 06:29:12.085104
792,91,356,2023-05-22 17:27:18.422642,2023-06-05 17:27:18.422642,2023-05-24 12:49:51.903320
793,55,196,2022-11-14 05:56:09.225698,2022-11-28 05:56:09.225698,
794,24,226,2023-02-10 14:40:42.712363,2023-02-24 14:40:42.712363,2023-05-17 03:19:20.833354
795,45,375,2022-12-19 12:00:26.737562,2023-01-02 12:00:26.737562,2022-12-29 02:22:27.242633
796,88,445,2022-02-25 03:25:01.142572,2022-03-11 03:25:01.142572,2023-05-31 23:38:50.960576
797,8,430,2023-06-12 22:57:02.286031,2023-06-26 22:57:02.286031,2023-12-06 21:39:50.566868
798,96,54,2023-08-02 22:23:45.738173,2023-08-16 22:23:45.738173,
799,8,178,2022-09-30 18:06:03.802909,2022-10-14 18:06:03.802909,
800,53,72,2023-09-28 18:07:46.010831,2023-10-12 18:07:46.010831,
801,25,312,2023-04-25 01:09:03.969502,2023-05-09 01:09:03.969502,2023-05-07 08:41:43.816611
802,45,394,2022-04-29 18:02:40.415761,2022-05-13 18:02:40.415761,
803,34,245,2023-09-30 01:32:50.692415,2023-10-14 01:32:50.692415,
804,5,174,2022-01-06 00:16:46.505751,2022-01-20 00:16:46.505751,2022-01-14 13:28:04.790821
805,76,136,2022-07-30 23:46:52.512655,2022-08-13 23:46:52.512655,
806,61,422,2023-11-26 06:25:08.793937,2023-12-10 06:25:08.793937,2023-12-10 18:50:53.414369
807,90,338,2022-02-25 10:46:10.980528,2022-03-11 10:46:10.980528,2022-07-30 10:13:08.545853
808,65,342,2023-09-13 14:47:34.502909,2023-09-27 14:47:34.502909,2023-10-24 21:25:29.548355
809,29,118,2023-10-24 20:22:49.013068,2023-11-07 20:22:49.013068,2023-10-26 11:51:08.526581
810,21,304,2023-12-05 13:06:28.428004,2023-12-19 13:06:28.428004,
811,6,428,2022-02-13 04:20:12.489306,2022-02-27 04:20:12.489306,2022-03-31 17:09:51.327293
812,46,116,2022-08-12 11:41:23.879927,2022-08-26 11:41:23.879927,2023-03-30 21:31:10.422494
813,75,317,2023-01-09 06:55:55.332419,2023-01-23 06:55:55.332419,
814,69,455,2023-09-12 22:44:03.839638,2023-09-26 22:44:03.839638,
815,58,234,2023-11-06 00:08:39.615983,2023-11-20 00:08:39.615983,2023-11-20 21:19:25.597051
816,25,165,2022-01-26 00:30:18.634277,2022-02-09 00:30:18.634277,2022-02-06 18:26:29.780933
817,77,295,2022-05-01 09:54:12.412149,2022-05-15 09:54:12.412149,
818,66,62,2023-02-18 09:33:58.631342,2023-03-04 09:33:58.631342,2023-02-28 13:43:30.994483
819,73,207,2022-06-20 13:14:17.818969,2022-07-04 13:14:17.818969,2022-06-23 07:38:26.221431
820,82,22,2022-03-04 07:06:00.619531,2022-03-18 07:06:00.619531,2022-03-16 15:58:48.819514
821,77,369,2022-06-15 23:47:43.538293,2022-06-29 23:47:43.538293,
822,20,208,2022-10-11 11:24:12.595147,2022-10-25 11:24:12.595147,2022-10-16 22:55:03.619442
823,98,330,2022-05-15 15:22:25.735821,2022-05-29 15:22:25.735821,
824,32,305,2023-09-01 09:07:15.489282,2023-09-15 09:07:15.489282,2023-09-10 17:19:21.084489
825,62,442,2022-06-26 03:47:13.571399,2022-07-10 03:47:13.571399,2023-12-04 18:58:23.186554
826,27,1,2023-05-06 17:11:59.406665,2023-05-20 17:11:59.406665,
827,3,189,2022-05-13 01:48:25.691716,2022-05-27 01:48:25.691716,2022-05-20 08:32:15.478973
828,43,186,2022-10-18 17:37:09.313127,2022-11-01 17:37:09.313127,2023-11-14 22:37:47.833531
829,88,80,2023-07-30 05:05:27.501083,2023-08-13 05:05:27.501083,2023-09-08 15:14:14.285860
830,4,61,2022-09-04 05:20:03.803431,2022-09-18 05:20:03.803431,2022-09-11 12:43:33.537172
831,68,58,2022-02-12 22:51:34.046163,2022-02-26 22:51:34.046163,
832,73,458,2023-02-08 04:43:00.872637,2023-02-22 04:43:00.872637,
833,65,490,2022-09-23 22:09:44.392046,2022-10-07 22:09:44.392046,
834,67,118,2022-07-19 12:12:08.030349,2022-08-02 12:12:08.030349,2022-07-20 12:38:24.404883
835,93,468,2023-04-16 15:43:45.904618,2023-04-30 15:43:45.904618,2023-06-08 00:00:25.660907
836,62,472,2023-09-21 14:04:24.469371,2023-10-05 14:04:24.469371,2023-09-28 16:26:47.646282
837,65,71,2023-03-19 06:15:08.669313,2023-04-02 06:15:08.669313,2023-03-23 04:11:05.851079
838,42,156,2022-10-12 19:08:07.847272,2022-10-26 19:08:07.847272,2022-10-13 07:23:24.882443
839,76,59,2022-07-19 08:36:39.012177,2022-08-02 08:36:39.012177,2022-07-19 20:12:03.085325
840,35,435,2022-04-11 08:37:00.831507,2022-04-25 08:37:00.831507,2022-04-19 08:38:55.245872
841,76,272,2023-07-15 14:00:01.894482,2023-07-29 14:00:01.894482,
842,97,459,2023-05-24 16:00:14.544680,2023-06-07 16:00:14.544680,
843,22,25,2022-01-02 18:21:16.804756,2022-01-16 18:21:16.804756,2023-02-08 16:20:01.926406
844,39,311,2022-04-06 22:09:55.660354,2022-04-20 22:09:55.660354,2022-09-30 03:12:44.809189
845,33,412,2022-05-17 12:23:40.889217,2022-05-31 12:23:40.889217,2023-02-13 10:27:27.323683
846,75,427,2023-06-11 15:14:07.719044,2023-06-25 15:14:07.719044,2023-06-14 23:46:45.781846
847,17,313,2023-01-28 06:32:23.946031,2023-02-11 06:32:23.946031,
848,71,75,2023-08-28 14:05:59.013196,2023-09-11 14:05:59.013196,2023-09-14 15:34:37.049063
849,49,177,2022-12-20 07:20:05.497731,2023-01-03 07:20:05.497731,2023-04-14 01:18:35.259254
850,42,5,2023-03-13 22:00:54.444598,2023-03-27 22:00:54.444598,2023-11-01 06:09:48.258516
851,99,362,2023-03-29 17:30:34.638031,2023-04-12 17:30:34.638031,2023-03-30 20:02:51.532682
852,32,379,2023-01-10 09:22:33.709246,2023-01-24 09:22:33.709246,2023-10-08 22:54:13.424563
853,59,171,2023-03-02 19:00:20.825009,2023-03-16 19:00:20.825009,2023-03-13 12:14:00.483386
854,6,398,2022-06-08 12:21:14.775599,2022-06-22 12:21:14.775599,2022-08-31 11:17:24.642236
855,7,83,2023-01-27 08:26:30.176809,2023-02-10 08:26:30.176809,2023-02-09 06:22:13.282330
856,95,414,2022-04-10 15:26:37.088307,2022-04-24 15:26:37.088307,2022-04-11 04:46:49.477528
857,26,376,2023-03-22 21:42:43.926728,2023-04-05 21:42:43.926728,2023-10-24 14:55:23.502824
858,47,421,2023-03-26 03:39:38.774470,2023-04-09 03:39:38.774470,2023-11-23 14:24:31.256330
859,31,186,2023-12-02 03:22:26.015077,2023-12-16 03:22:26.015077,2023-12-16 03:22:26.521073
860,3,211,2023-08-20 21:45:54.437769,2023-09-03 21:45:54.437769,2023-09-25 05:15:53.489710
861,31,167,2023-01-02 21:39:00.171208,2023-01-16 21:39:00.171208,2023-01-07 13:10:12.666719
862,72,233,2022-04-28 13:42:56.878548,2022-05-12 13:42:56.878548,2022-05-06 21:14:04.771905
863,87,134,2022-07-13 02:46:52.434517,2022-07-27 02:46:52.434517,2022-07-23 11:24:38.784079
864,68,375,2023-03-07 00:22:23.233872,2023-03-21 00:22:23.233872,2023-03-12 18:35:59.062619
865,9,259,2022-02-19 10:49:49.576560,2022-03-05 10:49:49.576560,2023-05-09 03:56:49.741969
866,51,331,2023-04-06 06:33:55.510748,2023-04-20 06:33:55.510748,2023-11-07 20:14:39.400615
867,83,166,2022-01-11 09:54:38.757185,2022-01-25 09:54:38.757185,2022-01-15 23:53:23.857831
868,95,91,2023-06-04 13:17:04.386173,2023-06-18 13:17:04.386173,2023-10-17 09:09:47.823063
869,69,490,2022-09-24 21:21:09.799588,2022-10-08 21:21:09.799588,2022-09-29 13:54:40.299013
870,37,141,2022-04-17 00:10:22.489945,2022-05-01 00:10:22.489945,
871,40,214,2022-05-02 14:20:55.654515,2022-05-16 14:20:55.654515,
872,9,9,2022-11-28 00:06:58.260218,2022-12-12 00:06:58.260218,2023-10-21 15:19:00.894347
873,70,383,2022-07-29 06:18:57.888534,2022-08-12 06:18:57.888534,2022-07-30 00:32:36.542253
874,16,364,2022-09-16 11:48:41.995753,2022-09-30 11:48:41.995753,
875,99,156,2022-01-31 02:22:50.032708,2022-02-14 02:22:50.032708,2023-01-18 13:57:49.964064
876,56,322,2023-05-30 22:44:47.830913,2023-06-13 22:44:47.830913,2023-06-09 06:55:04.860677
877,32,498,2023-06-14 04:12:41.547406,2023-06-28 04:12:41.547406,
878,35,434,2023-09-17 05:36:47.082000,2023-10-01 05:36:47.082000,2023-09-27 01:26:32.234277
879,88,47,2022-07-16 02:17:50.030894,2022-07-30 02:17:50.030894,
880,83,105,2022-11-23 21:55:31.366410,2022-12-07 21:55:31.366410,
881,1,3,2022-10-13 22:21:41.529920,2022-10-27 22:21:41.529920,2023-05-09 07:45:33.796576
882,1,13,2023-08-06 04:11:28.807048,2023-08-20 04:11:28.807048,2023-09-27 18:05:13.588531
883,74,426,2022-01-05 23:21:39.658509,2022-01-19 23:21:39.658509,2022-01-08 04:06:42.949409
884,93,246,2022-05-01 12:28:16.384946,2022-05-15 12:28:16.384946,2022-05-12 02:35:38.957217
885,90,364,2022-01-18 11:26:04.817382,2022-02-01 11:26:04.817382,2022-07-23 06:43:53.000408
886,24,212,2022-01-08 02:57:01.486525,2022-01-22 02:57:01.486525,2022-04-18 14:39:08.442337
887,50,56,2022-08-21 00:48:03.466736,2022-09-04 00:48:03.466736,2022-11-07 12:36:52.975070
888,48,112,2023-04-14 02:26:02.332041,2023-04-28 02:26:02.332041,2023-11-06 02:14:48.336154
889,19,101,2022-05-20 22:05:30.517777,2022-06-03 22:05:30.517777,2023-06-23 09:39:24.720710
890,77,480,2022-02-15 15:01:59.018111,2022-03-01 15:01:59.018111,2023-07-10 09:32:01.202328
891,99,432,2023-11-14 13:25:28.643687,2023-11-28 13:25:28.643687,
892,98,274,2022-05-25 08:47:15.195474,2022-06-08 08:47:15.195474,2022-06-05 19:52:37.915331
893,85,445,2022-04-09 05:45:19.459529,2022-04-23 05:45:19.459529,2023-09-29 10:57:49.491689
894,44,375,2023-11-20 13:51:58.690873,2023-12-04 13:51:58.690873,2023-11-22 00:31:50.553617
895,23,302,2022-06-05 13:48:34.090852,2022-06-19 13:48:34.090852,2022-06-18 17:31:12.528155
896,80,90,2023-05-05 16:35:26.789795,2023-05-19 16:35:26.789795,2023-11-27 16:40:47.931382
897,90,407,2023-04-21 21:47:38.841500,2023-05-05 21:47:38.841500,2023-06-15 20:37:20.240253
898,38,18,2023-08-31 17:06:08.313000,2023-09-14 17:06:08.313000,
899,60,82,2023-05-19 20:20:11.862977,2023-06-02 20:20:11.862977,2023-05-23 19:37:51.263833
900,2,272,2022-02-08 08:02:47.611516,2022-02-22 08:02:47.611516,
901,59,57,2022-10-24 16:16:43.433866,2022-11-07 16:16:43.433866,
902,55,61,2022-12-03 00:09:28.288441,2022-12-17 00:09:28.288441,
903,44,480,2023-02-26 03:20:17.946158,2023-03-12 03:20:17.946158,
904,94,291,2022-12-16 06:42:33.839061,2022-12-30 06:42:33.839061,2022-12-16 12:59:49.147387
905,53,314,2022-05-24 20:24:43.896007,2022-06-07 20:24:43.896007,
906,79,424,2022-10-05 15:52:54.334017,2022-10-19 15:52:54.334017,2022-10-13 05:11:09.799811
907,42,166,2022-12-05 09:33:59.702488,2022-12-19 09:33:59.702488,2023-09-09 18:35:51.546087
908,30,13,2022-12-20 09:35:17.903405,2023-01-03 09:35:17.903405,
909,82,481,2022-11-28 15:14:56.209406,2022-12-12 15:14:56.209406,2022-12-09 06:04:51.617174
910,43,91,2022-04-24 01:55:35.098551,2022-05-08 01:55:35.098551,
911,58,371,2022-06-28 10:11:17.964907,2022-07-12 10:11:17.964907,2023-12-11 09:06:19.217076
912,60,478,2023-06-26 20:48:51.276867,2023-07-10 20:48:51.276867,2023-07-04 05:58:01.408098
913,44,408,2023-05-03 08:10:36.694009,2023-05-17 08:10:36.694009,
914,11,143,2023-07-07 14:15:59.844962,2023-07-21 14:15:59.844962,2023-07-16 00:33:13.095693
915,94,267,2022-12-22 19:09:13.655641,2023-01-05 19:09:13.655641,
916,76,407,2023-06-01 12:45:01.222641,2023-06-15 12:45:01.222641,2023-10-07 15:23:23.946902
917,18,343,2023-01-03 06:59:00.083755,2023-01-17 06:59:00.083755,2023-10-26 21:23:46.970801
918,54,454,2022-09-06 02:35:07.641845,2022-09-20 02:35:07.641845,2023-02-22 04:15:26.762230
919,71,309,2022-01-04 04:51:48.803208,2022-01-18 04:51:48.803208,
920,84,382,2023-02-23 03:31:00.909035,2023-03-09 03:31:00.909035,2023-03-06 18:02:39.321983
921,59,195,2022-09-09 16:30:46.154751,2022-09-23 16:30:46.154751,
922,42,266,2023-06-01 00:56:54.810854,2023-06-15 00:56:54.810854,2023-09-19 16:47:27.582612
923,93,365,2023-04-17 11:22:48.021331,2023-05-01 11:22:48.021331,2023-11-22 00:03:10.541459
924,45,396,2023-05-05 10:13:20.773276,2023-05-19 10:13:20.773276,2023-11-16 21:57:54.852437
925,79,154,2022-07-27 01:45:27.321667,2022-08-10 01:45:27.321667,
926,16,88,2022-09-18 12:08:39.233644,2022-10-02 12:08:39.233644,2023-03-17 23:35:35.794978
927,61,463,2023-02-23 01:11:32.796870,2023-03-09 01:11:32.796870,2023-07-07 18:22:55.117795
928,50,241,2022-04-24 07:25:56.993457,2022-05-08 07:25:56.993457,2022-04-29 00:47:07.593739
929,14,24,2023-04-05 09:12:00.484945,2023-04-19 09:12:00.484945,2023-09-11 00:09:49.985234
930,17,443,2023-08-10 16:25:33.082072,2023-08-24 16:25:33.082072,
931,8,35,2022-06-03 14:40:46.632020,2022-06-17 14:40:46.632020,2022-06-11 23:29:55.191462
932,15,454,2023-04-03 17:04:25.685436,2023-04-17 17:04:25.685436,
933,20,289,2022-03-10 12:25:02.498401,2022-03-24 12:25:02.498401,
934,91,208,2023-03-17 06:56:46.644242,2023-03-31 06:56:46.644242,
935,32,360,2022-05-29 19:19:58.183870,2022-06-12 19:19:58.183870,2022-06-02 19:09:04.221722
936,68,169,2022-06-18 19:08:57.001642,2022-07-02 19:08:57.001642,2023-07-30 11:53:57.427472
937,50,150,2023-01-06 14:12:44.841772,2023-01-20 14:12:44.841772,2023-01-13 22:25:50.123186
938,63,202,2022-09-24 16:21:08.584503,2022-10-08 16:21:08.584503,2022-10-04 17:47:45.520695
939,17,105,2022-03-23 16:06:25.999142,2022-04-06 16:06:25.999142,
940,89,430,2022-04-18 17:26:24.207721,2022-05-02 17:26:24.207721,2022-04-23 04:11:28.490946
941,38,253,2022-04-06 06:50:08.015021,2022-04-20 06:50:08.015021,
942,71,464,2022-02-18 10:52:23.260761,2022-03-04 10:52:23.260761,2022-09-02 19:15:13.314882
943,54,176,2022-07-26 10:50:17.166161,2022-08-09 10:50:17.166161,
944,44,28,2022-11-09 12:05:22.596011,2022-11-23 12:05:22.596011,
945,9,236,2023-09-20 20:40:25.787481,2023-10-04 20:40:25.787481,2023-09-25 17:39:24.049600
946,17,204,2022-06-17 01:44:25.449935,2022-07-01 01:44:25.449935,
947,47,175,2022-06-03 02:18:01.098125,2022-06-17 02:18:01.098125,
948,1,456,2023-08-24 21:59:42.415116,2023-09-07 21:59:42.415116,
949,84,143,2022-01-15 17:47:11.536535,2022-01-29 17:47:11.536535,
950,5,118,2022-07-03 10:19:30.947021,2022-07-17 10:19:30.947021,2022-07-05 16:19:26.800097
951,14,425,2022-05-23 02:10:59.080996,2022-06-06 02:10:59.080996,
952,47,433,2022-01-21 09:36:01.861922,2022-02-04 09:36:01.861922,2023-06-11 05:18:26.177603
953,82,314,2023-10-24 13:08:46.376837,2023-11-07 13:08:46.376837,2023-12-01 01:43:58.783279
954,98,107,2022-03-24 20:58:32.820813,2022-04-07 20:58:32.820813,2022-04-03 23:50:38.747159
955,85,289,2023-08-24 02:15:19.447465,2023-09-07 02:15:19.447465,2023-09-05 18:14:06.637848
956,85,216,2023-01-17 01:37:03.045098,2023-01-31 01:37:03.045098,2023-10-29 08:13:06.729413
957,30,431,2022-10-01 22:41:24.653293,2022-10-15 22:41:24.653293,
958,36,288,2022-11-24 19:56:22.940741,2022-12-08 19:56:22.940741,2023-11-14 12:05:01.496226
959,70,409,2022-08-17 16:18:39.384855,2022-08-31 16:18:39.384855,
960,78,379,2023-08-12 16:10:24.899380,2023-08-26 16:10:24.899380,2023-08-16 08:24:48.047468
961,50,368,2023-07-04 06:42:18.931161,2023-07-18 06:42:18.931161,2023-08-28 03:58:10.239253
962,92,372,2023-02-04 04:51:09.088316,2023-02-18 04:51:09.088316,2023-12-11 12:49:22.118237
963,29,322,2023-03-27 18:54:19.646087,2023-04-10 18:54:19.646087,2023-04-06 08:26:48.258315
964,18,76,2023-11-07 14:01:10.025186,2023-11-21 14:01:10.025186,2023-12-10 01:51:00.532280
965,100,220,2022-01-07 19:51:57.660976,2022-01-21 19:51:57.660976,
966,77,498,2023-06-07 07:18:31.952940,2023-06-21 07:18:31.952940,
967,82,139,2022-06-01 07:50:09.683920,2022-06-15 07:50:09.683920,2022-06-09 06:20:28.943238
968,35,102,2022-02-19 11:33:22.213028,2022-03-05 11:33:22.213028,
969,59,494,2023-08-06 02:26:07.705437,2023-08-20 02:26:07.705437,2023-10-18 22:17:15.878776
970,52,38,2023-06-04 11:35:15.954339,2023-06-18 11:35:15.954339,2023-07-03 15:39:57.088710
971,71,239,2023-02-13 05:07:29.187098,2023-02-27 05:07:29.187098,
972,44,145,2023-03-11 20:28:43.646051,2023-03-25 20:28:43.646051,2023-03-12 07:23:30.381416
973,44,473,2022-03-28 13:27:15.290627,2022-04-11 13:27:15.290627,
974,88,220,2022-06-22 04:58:32.146821,2022-07-06 04:58:32.146821,2022-06-27 10:32:20.999738
975,63,127,2023-01-03 12:21:35.921999,2023-01-17 12:21:35.921999,
976,98,171,2022-01-23 04:58:07.140549,2022-02-06 04:58:07.140549,
977,94,214,2023-05-08 09:57:41.101623,2023-05-22 09:57:41.101623,2023-05-19 02:07:41.155232
978,98,176,2022-08-09 11:42:16.116250,2022-08-23 11:42:16.116250,2023-02-17 01:35:09.312364
979,51,183,2022-12-18 18:05:51.564312,2023-01-01 18:05:51.564312,2022-12-25 01:52:01.430465
980,73,141,2023-11-20 14:43:27.196434,2023-12-04 14:43:27.196434,2023-12-10 16:16:35.623625
981,97,251,2022-03-20 23:46:24.694379,2022-04-03 23:46:24.694379,2022-12-07 06:19:07.614657
982,97,440,2023-07-27 19:06:50.948957,2023-08-10 19:06:50.948957,2023-08-06 09:39:41.513211
983,94,20,2022-09-10 16:41:27.056597,2022-09-24 16:41:27.056597,2022-09-20 21:24:02.808761
984,30,407,2023-02-04 10:08:48.475554,2023-02-18 10:08:48.475554,2023-02-17 17:55:01.435562
985,100,15,2022-07-16 14:51:25.738294,2022-07-30 14:51:25.738294,
986,56,356,2023-06-01 06:16:59.699212,2023-06-15 06:16:59.699212,2023-09-22 00:50:48.285008
987,72,164,2022-02-19 08:22:02.175987,2022-03-05 08:22:02.175987,2023-06-17 13:29:59.424219
988,21,362,2023-05-12 15:02:28.964190,2023-05-26 15:02:28.964190,
989,17,473,2022-12-31 10:21:00.098976,2023-01-14 10:21:00.098976,
990,92,30,2022-05-24 16:06:51.937629,2022-06-07 16:06:51.937629,2023-12-04 07:56:48.337724
991,55,398,2022-03-22 20:40:28.082319,2022-04-05 20:40:28.082319,2023-07-02 03:59:29.633321
992,83,458,2023-07-23 16:08:48.714158,2023-08-06 16:08:48.714158,2023-10-21 05:59:53.743656
993,19,189,2022-02-08 05:17:15.351815,2022-02-22 05:17:15.351815,2022-12-04 11:38:21.356741
994,2,405,2022-05-27 19:09:23.366931,2022-06-10 19:09:23.366931,2022-10-24 23:31:26.378734
995,42,21,2023-01-28 11:51:18.623066,2023-02-11 11:51:18.623066,2023-10-08 12:54:29.927825
996,62,359,2022-05-10 13:05:44.381226,2022-05-24 13:05:44.381226,2022-05-21 21:22:24.932060
997,70,446,2023-08-19 07:57:16.301375,2023-09-02 07:57:16.301375,2023-11-28 10:32:39.728752
998,96,183,2022-11-26 10:57:49.786494,2022-12-10 10:57:49.786494,
999,82,345,2022-03-10 21:34:48.975354,2022-03-24 21:34:48.975354,2023-01-16 11:23:14.442563
1000,11,320,2022-07-16 03:05:58.154167,2022-07-30 03:05:58.154167,
