hold_id,user_id,lib_book_id,hold_time,end_time
1,7,359,2022-04-08 08:32:14,2022-07-18 19:51:13
2,99,435,2022-03-31 13:34:39,2022-07-11 21:23:42
3,97,61,2023-02-23 17:59:03,
4,9,219,2022-01-26 08:24:23,2023-08-21 17:59:06
5,48,210,2022-10-27 18:15:27,2023-04-07 19:37:01
6,44,151,2023-09-23 23:31:29,2023-11-09 10:26:16
7,9,158,2022-02-07 22:39:41,2022-03-23 20:51:18
8,42,315,2022-01-22 01:24:22,2023-06-21 11:31:58
9,17,193,2023-03-23 01:30:15,2023-07-26 19:30:07
10,58,94,2022-03-21 18:38:42,2022-12-07 21:56:47
11,68,232,2023-01-31 13:21:57,2023-10-03 13:41:22
12,11,85,2023-07-15 17:25:17,2023-07-28 00:31:18
13,96,252,2023-10-20 19:19:49,
14,38,123,2022-01-16 07:19:39,
15,21,104,2023-02-19 16:27:41,2023-10-28 14:18:06
16,56,353,2023-08-17 16:22:49,2023-09-09 02:52:00
17,70,114,2023-08-20 12:11:21,2023-09-24 05:57:18
18,42,43,2022-11-14 17:35:26,2023-07-05 14:33:14
19,77,435,2023-05-27 07:07:56,2023-06-14 21:14:18
20,84,85,2022-04-02 08:53:28,2022-09-24 01:49:35
21,97,495,2023-12-08 04:34:10,2023-12-08 14:42:56
22,8,282,2023-07-14 07:00:19,
23,94,290,2022-04-21 14:36:51,2023-10-28 00:24:53
24,58,96,2022-05-26 07:14:34,2023-07-08 13:22:15
25,75,60,2022-12-01 03:17:25,2023-02-06 03:46:59
26,60,290,2023-07-19 03:48:59,2023-07-22 16:57:57
27,27,290,2022-01-13 05:28:53,2022-06-06 05:15:21
28,88,362,2022-05-23 01:21:38,2023-04-06 00:55:24
29,37,157,2022-05-30 21:21:05,2022-10-26 02:23:34
30,88,94,2022-12-05 16:03:48,2023-04-11 22:38:14
31,14,265,2023-04-10 09:38:43,2023-07-20 03:49:05
32,80,110,2022-04-27 05:20:16,2022-06-20 06:28:29
33,71,262,2022-09-18 22:29:22,2023-07-27 16:07:27
34,86,388,2022-08-07 11:50:26,2022-12-14 13:37:23
35,42,161,2022-07-24 00:15:40,2023-03-01 09:52:00
36,72,367,2022-07-01 02:55:08,2022-08-16 22:13:52
37,2,246,2022-01-22 10:23:05,2022-12-04 08:38:25
38,68,271,2023-03-07 12:56:51,2023-09-08 10:48:26
39,7,172,2022-02-09 21:12:30,
40,41,187,2023-09-22 03:03:25,2023-11-10 07:32:16
41,99,409,2022-03-11 16:47:10,2023-07-22 12:56:50
42,12,144,2023-04-14 10:44:15,2023-06-20 07:09:48
43,18,112,2022-10-04 08:19:56,2023-08-12 22:46:01
44,36,2,2023-02-18 02:27:03,2023-09-02 15:19:27
45,84,286,2023-08-14 22:43:02,
46,82,260,2022-04-22 11:21:31,2022-06-17 07:33:02
47,72,66,2023-06-09 01:24:53,2023-10-26 04:54:07
48,42,349,2023-06-10 04:28:10,2023-11-01 10:53:58
49,59,111,2023-08-08 06:32:34,2023-12-10 15:29:25
50,56,44,2022-12-18 08:49:35,2023-07-08 03:17:34
51,11,447,2022-10-08 13:05:43,2022-11-05 10:06:28
52,23,255,2022-09-08 07:07:42,2023-01-05 06:19:17
53,77,96,2022-03-18 01:40:56,2022-11-27 10:11:58
54,70,200,2023-09-02 19:23:35,2023-10-20 21:20:37
55,15,195,2022-01-12 03:43:47,
56,88,132,2023-01-31 05:22:24,2023-03-24 14:05:02
57,97,489,2023-01-15 13:43:59,2023-12-04 11:44:31
58,78,160,2022-11-04 04:51:40,
59,86,81,2022-04-28 15:20:11,2023-08-08 01:59:49
60,83,314,2022-07-20 13:35:34,2022-11-15 10:53:05
61,3,463,2022-09-04 07:45:28,2023-07-05 09:31:25
62,100,174,2022-09-27 00:59:40,2023-08-02 11:58:37
63,42,158,2022-08-19 16:58:01,2023-08-09 19:47:41
64,92,84,2022-07-27 15:53:07,2023-07-31 05:08:53
65,16,498,2023-09-20 01:59:12,2023-09-30 15:34:05
66,49,173,2022-05-08 15:29:50,2023-11-19 21:43:10
67,4,304,2023-09-21 14:53:49,2023-11-20 21:25:25
68,55,290,2022-05-13 23:06:23,
69,38,52,2023-07-17 11:21:06,
70,15,9,2022-06-20 10:46:45,2023-09-03 14:52:30
71,88,140,2022-07-29 16:59:51,2023-02-24 17:10:22
72,74,21,2023-10-22 04:39:37,2023-10-28 23:34:21
73,65,405,2023-06-21 21:50:05,2023-08-31 08:58:34
74,58,324,2022-10-17 03:25:28,
75,64,427,2023-04-30 05:37:28,
76,32,237,2023-06-03 17:10:10,
77,49,126,2022-06-20 02:02:40,2023-09-22 10:25:51
78,64,166,2023-03-08 06:09:47,2023-06-09 19:52:07
79,58,304,2022-01-05 04:50:32,2023-01-09 05:42:49
80,14,235,2022-01-10 22:04:30,2023-11-27 07:09:30
81,9,337,2022-12-10 16:29:25,2023-10-04 18:29:14
82,37,170,2023-03-05 17:56:39,2023-05-12 10:12:01
83,22,261,2022-02-03 21:20:13,2022-10-18 01:34:44
84,12,306,2023-11-06 08:51:58,
85,91,68,2023-01-13 06:59:13,2023-10-16 21:14:09
86,98,184,2022-04-12 18:35:42,2022-06-13 13:50:42
87,95,279,2023-04-22 10:31:21,2023-11-20 18:08:03
88,28,105,2023-06-12 09:50:28,2023-11-25 12:22:21
89,11,290,2022-06-08 20:17:01,2023-05-08 15:40:47
90,22,222,2023-09-05 19:54:13,
91,99,496,2022-07-18 12:30:14,2022-10-17 14:37:11
92,45,107,2022-10-30 05:14:03,2023-07-21 16:57:55
93,29,476,2022-03-10 08:29:48,2023-12-01 07:41:24
94,58,424,2023-05-31 21:43:54,2023-11-17 03:54:55
95,18,438,2023-12-05 16:48:23,2023-12-10 22:04:03
96,66,135,2023-07-08 06:27:12,
97,79,454,2023-07-28 07:52:25,
98,9,245,2023-08-05 19:30:59,2023-10-25 19:21:39
99,1,192,2023-03-21 16:55:48,
100,7,217,2023-10-26 07:45:44,2023-11-23 14:00:02
101,58,54,2023-06-10 08:13:14,2023-11-30 16:08:26
102,43,426,2023-08-29 18:19:52,2023-09-06 05:26:30
103,96,467,2022-03-13 02:28:12,
104,49,475,2022-02-08 04:15:21,2023-04-30 01:52:08
105,97,176,2022-11-30 08:55:37,2023-07-05 10:24:50
106,12,250,2023-08-12 15:54:23,2023-11-09 18:22:47
107,68,32,2022-03-09 21:14:22,2023-01-02 14:35:06
108,34,337,2023-09-27 18:44:58,2023-09-29 13:45:47
109,42,48,2023-02-18 19:40:35,2023-10-12 02:17:23
110,48,321,2022-01-08 07:09:37,2023-11-05 06:12:35
111,88,136,2023-02-26 05:35:17,
112,94,58,2023-08-25 02:56:27,2023-12-10 01:44:06
113,73,88,2022-03-11 14:36:45,2023-12-09 10:22:36
114,93,69,2023-06-14 03:48:06,2023-06-15 13:22:55
115,36,369,2022-01-21 00:17:14,2022-02-02 15:57:34
116,3,201,2022-08-31 14:30:20,
117,36,360,2022-07-07 06:40:06,2023-07-25 14:32:15
118,83,140,2023-02-11 02:53:56,2023-10-18 19:56:33
119,65,402,2023-06-18 09:01:04,2023-11-06 02:18:43
120,64,174,2022-07-24 05:13:22,2023-04-12 00:26:31
121,41,308,2023-03-18 06:51:38,
122,98,114,2023-08-10 07:38:21,2023-11-17 01:05:22
123,22,186,2023-09-07 19:59:14,2023-10-17 08:07:23
124,43,265,2023-07-31 17:38:09,2023-11-28 14:02:45
125,73,140,2023-03-23 15:24:32,2023-12-01 01:12:15
126,89,312,2023-05-30 02:25:19,2023-10-05 05:11:33
127,72,163,2023-09-23 11:39:50,2023-11-13 13:37:22
128,17,125,2023-07-22 18:14:37,2023-11-21 07:37:13
129,10,14,2022-04-23 17:05:31,2022-10-01 16:01:18
130,6,381,2022-04-03 04:14:03,2022-11-02 06:14:26
131,82,58,2022-04-06 18:36:53,2023-07-27 01:35:08
132,43,110,2022-01-22 06:38:07,2022-10-17 03:17:41
133,14,167,2022-10-25 07:48:10,2023-08-18 16:02:07
134,17,187,2023-05-14 20:50:11,2023-07-09 14:57:37
135,66,354,2023-11-29 05:15:49,
136,76,192,2022-05-24 12:20:41,2023-06-22 12:58:57
137,53,51,2023-08-04 16:32:01,
138,18,267,2023-10-02 22:06:58,2023-10-04 14:12:57
139,5,470,2023-04-03 19:40:00,
140,55,37,2022-12-02 20:21:37,2022-12-04 06:13:00
141,93,494,2022-04-19 03:36:24,2022-09-17 10:56:58
142,56,455,2023-03-01 14:11:20,2023-10-16 02:09:52
143,67,384,2023-08-21 15:57:55,2023-09-10 13:35:31
144,2,414,2022-08-04 22:01:30,2023-08-18 00:55:28
145,26,256,2022-09-26 16:16:36,2022-12-29 10:45:45
146,16,444,2023-06-06 07:54:57,
147,53,27,2022-03-22 14:05:22,2023-06-06 05:35:21
148,39,60,2022-10-29 16:17:52,2023-07-19 02:23:51
149,11,163,2023-10-18 03:22:31,2023-11-17 21:31:26
150,28,329,2023-07-27 22:00:17,2023-08-01 03:26:47
151,75,59,2022-03-02 09:18:41,2023-09-13 18:20:44
152,78,230,2022-04-07 19:20:06,2022-11-22 15:22:28
153,29,253,2022-09-13 02:36:17,2023-04-18 21:41:29
154,35,194,2023-07-19 17:32:41,2023-08-13 21:14:56
155,62,2,2023-07-08 21:47:14,2023-08-27 21:43:03
156,64,271,2022-09-24 20:50:17,2022-11-29 00:57:29
157,14,273,2022-08-07 02:24:50,
158,52,100,2023-03-14 21:29:38,2023-09-13 09:50:22
159,89,49,2022-03-03 03:38:31,2022-10-19 15:03:25
160,57,53,2023-06-04 15:27:40,2023-11-26 03:08:16
161,75,168,2022-05-23 09:12:43,2022-08-03 02:05:10
162,31,36,2023-06-16 00:47:01,2023-08-08 13:49:52
163,72,382,2023-05-24 10:30:09,2023-09-11 23:56:00
164,61,459,2022-06-01 16:00:41,2023-12-06 16:55:50
165,30,302,2022-06-29 05:30:30,2022-10-07 10:09:29
166,5,96,2022-10-30 20:54:17,2023-10-26 14:50:27
167,61,411,2023-02-19 10:04:11,2023-08-05 04:21:49
168,27,290,2023-07-29 02:41:18,2023-11-26 12:23:51
169,97,181,2022-10-04 03:31:49,
170,59,238,2023-09-01 23:09:01,2023-11-12 06:32:56
171,94,449,2023-02-02 19:11:07,2023-04-14 16:34:17
172,79,437,2022-07-02 06:11:28,2022-12-17 02:34:29
173,3,116,2022-02-01 01:57:38,2023-08-24 00:26:16
174,12,31,2022-03-10 17:36:01,
175,15,258,2023-01-22 09:35:47,2023-05-24 04:44:47
176,88,254,2022-10-06 14:13:14,2023-06-14 21:07:31
177,23,23,2022-10-27 11:29:32,2023-05-18 18:52:19
178,41,3,2023-01-02 07:20:01,2023-01-24 21:00:10
179,11,425,2023-09-29 03:42:22,
180,6,321,2023-11-21 07:48:15,2023-11-30 15:39:35
181,19,43,2023-03-09 02:08:02,2023-10-27 00:04:06
182,14,32,2023-07-20 20:23:02,
183,22,269,2022-04-07 22:36:59,2023-07-20 08:23:23
184,37,301,2022-07-27 00:56:58,2022-12-20 10:47:23
185,67,265,2023-02-27 03:19:15,2023-11-05 20:54:20
186,10,308,2023-11-08 15:33:14,2023-12-09 11:28:07
187,53,480,2023-03-13 17:08:43,2023-06-20 22:39:09
188,29,67,2022-08-13 16:43:40,
189,35,168,2023-08-25 20:20:52,2023-10-25 21:04:18
190,92,311,2022-04-02 15:17:42,2022-11-28 22:12:23
191,30,87,2022-06-09 07:41:51,2022-10-28 21:44:55
192,68,260,2023-08-02 21:12:05,2023-10-27 21:00:34
193,70,80,2023-08-08 07:21:56,2023-08-11 17:26:10
194,94,85,2023-06-11 03:17:55,2023-06-26 05:41:49
195,67,285,2023-11-28 13:46:34,2023-12-08 00:46:56
196,79,432,2023-10-29 03:01:47,
197,20,284,2023-03-13 10:11:44,2023-03-30 09:27:25
198,62,208,2023-11-30 08:25:07,2023-12-03 23:01:28
199,55,217,2022-02-15 01:00:36,2023-07-10 16:16:14
200,91,251,2023-09-05 19:30:36,
201,92,300,2023-12-07 01:22:22,2023-12-11 00:50:16
202,54,337,2022-02-21 04:28:02,2022-06-11 02:03:56
203,61,112,2023-03-15 23:42:14,
204,88,319,2022-06-02 15:18:59,2023-07-21 22:54:12
205,75,10,2022-09-12 19:09:00,2023-10-16 07:40:56
206,41,250,2023-05-14 21:34:02,2023-09-17 01:04:13
207,94,418,2022-07-24 22:14:28,2023-11-15 02:37:39
208,76,419,2023-10-18 03:13:39,
209,36,182,2023-06-01 10:41:02,
210,46,178,2022-03-12 16:42:14,
211,93,222,2022-08-31 07:02:33,2022-12-30 07:41:59
212,98,160,2022-06-03 15:24:53,2023-07-06 12:58:40
213,85,194,2022-08-20 03:37:51,
214,25,288,2023-04-27 07:03:06,2023-09-27 19:43:43
215,84,139,2022-03-12 11:10:53,2023-01-31 08:13:22
216,67,352,2023-11-03 23:37:03,2023-11-17 11:55:37
217,86,212,2022-07-26 15:50:28,
218,49,391,2022-04-15 02:14:54,2022-05-30 23:09:35
219,81,135,2022-09-08 20:56:34,2022-09-20 18:57:32
220,35,307,2023-10-26 12:36:04,2023-12-01 18:08:04
221,80,175,2022-12-30 20:05:46,2023-04-11 03:18:14
222,1,337,2023-07-04 22:18:32,2023-07-15 15:43:58
223,77,456,2023-04-29 03:43:52,2023-12-09 07:52:36
224,42,410,2022-02-26 04:54:47,2023-03-06 13:57:08
225,51,90,2023-04-23 16:48:48,2023-11-01 04:37:28
226,65,265,2022-08-29 17:58:06,
227,7,64,2022-10-14 13:19:42,2022-10-19 13:59:27
228,26,472,2023-09-23 00:52:32,2023-12-02 16:38:32
229,49,214,2023-11-17 01:16:28,
230,17,267,2023-09-05 00:19:28,2023-10-24 10:45:34
231,31,427,2022-01-20 06:34:04,2023-03-23 04:49:53
232,37,483,2023-02-09 19:15:17,2023-05-12 07:51:38
233,89,445,2023-04-30 10:52:57,2023-10-26 11:36:46
234,94,336,2022-07-10 18:54:50,2022-08-01 07:10:03
235,63,465,2023-05-20 03:36:56,2023-08-30 09:57:38
236,9,84,2022-06-29 10:42:10,2023-09-30 08:46:31
237,5,389,2022-01-10 13:25:04,2022-11-02 12:41:49
238,16,180,2022-10-06 09:30:40,2023-01-24 02:55:42
239,16,387,2022-10-04 20:53:54,2023-04-11 17:10:56
240,68,312,2022-04-18 22:33:53,2023-10-16 06:22:30
241,40,28,2023-02-15 12:26:20,2023-12-08 20:40:01
242,29,471,2023-04-02 06:17:01,2023-11-05 22:27:14
243,48,355,2022-12-25 03:30:10,2023-10-19 19:16:31
244,63,67,2023-11-19 12:54:54,2023-11-29 17:29:41
245,22,180,2023-02-28 22:33:37,2023-11-23 17:22:25
246,53,409,2022-08-03 19:31:57,2022-12-21 16:22:18
247,86,129,2023-05-21 09:03:24,2023-11-09 20:51:01
248,51,170,2023-01-26 22:24:45,2023-12-11 17:01:54
249,28,454,2022-11-28 20:17:25,2023-10-17 13:08:38
250,50,33,2022-03-20 23:41:50,2022-08-10 08:08:50
251,85,257,2022-04-09 23:34:59,2023-07-22 13:03:36
252,71,28,2022-09-14 03:50:58,
253,84,392,2022-03-25 04:29:26,2023-10-11 09:53:45
254,24,236,2023-10-25 06:04:16,2023-11-02 13:37:14
255,86,157,2022-05-17 12:01:20,2022-05-24 23:07:55
256,22,92,2023-11-03 12:20:43,
257,91,186,2022-06-07 07:04:06,2023-11-07 09:58:28
258,57,218,2023-11-05 01:41:02,2023-12-09 14:00:20
259,4,385,2023-05-16 10:27:31,2023-10-21 13:35:34
260,92,282,2022-05-15 11:00:56,2022-09-03 14:25:02
261,33,364,2023-09-22 06:14:50,2023-12-04 23:56:43
262,47,162,2022-12-19 13:42:02,2023-02-25 06:11:24
263,24,357,2022-12-30 18:37:08,2023-04-22 22:45:46
264,21,341,2023-08-11 12:00:16,2023-11-07 00:16:46
265,42,223,2022-06-03 19:43:28,2022-11-23 07:58:05
266,49,259,2022-02-21 00:31:21,
267,20,311,2023-04-19 02:54:29,2023-09-04 13:35:31
268,64,265,2023-02-12 06:06:50,2023-03-24 11:32:01
269,23,40,2023-07-28 07:50:22,2023-07-31 06:51:06
270,36,445,2023-01-28 13:29:20,2023-07-07 02:12:26
271,7,75,2023-04-29 17:58:17,2023-08-16 15:06:12
272,44,477,2022-05-26 20:42:24,
273,1,265,2022-10-14 15:41:26,
274,7,229,2023-10-01 10:29:40,2023-10-05 00:44:11
275,48,391,2022-06-02 02:15:51,2022-11-03 22:31:01
276,42,477,2022-06-15 06:21:36,2023-08-16 20:48:57
277,87,125,2022-12-17 12:41:58,2023-07-12 03:43:03
278,42,285,2023-09-01 00:20:34,
279,52,317,2022-09-21 20:48:26,2023-01-10 15:00:10
280,29,251,2023-05-18 07:19:43,2023-08-12 19:09:38
281,80,79,2022-04-22 01:22:23,2023-01-26 16:48:59
282,19,470,2022-12-14 09:38:00,2022-12-19 15:17:44
283,37,400,2023-08-24 05:32:48,2023-12-04 00:44:09
284,50,34,2023-11-20 18:06:02,2023-12-10 23:26:28
285,56,459,2022-09-11 22:24:52,2023-09-08 06:17:35
286,26,342,2023-10-25 16:59:50,2023-11-09 08:30:09
287,6,12,2022-03-13 23:51:46,
288,63,495,2022-05-15 16:17:07,2022-08-01 06:58:23
289,60,463,2023-08-08 09:23:21,2023-09-22 06:42:17
290,23,296,2022-09-24 13:37:36,2023-06-30 15:11:50
291,45,473,2022-08-18 07:00:36,
292,11,314,2022-01-05 11:59:19,2022-06-02 01:16:56
293,95,386,2023-01-25 19:09:22,
294,61,434,2022-01-01 09:20:38,
295,11,399,2022-11-17 23:50:50,2023-03-04 03:44:51
296,44,136,2022-07-11 06:55:11,
297,42,251,2022-12-29 23:12:35,2023-09-17 23:16:29
298,71,46,2022-11-14 23:31:38,2023-01-05 09:33:39
299,21,404,2022-05-26 14:08:24,2023-01-25 06:03:55
300,82,347,2023-04-12 02:59:55,2023-07-20 01:03:27
301,18,102,2023-03-06 12:14:01,
302,56,3,2022-04-17 09:00:30,2023-11-21 01:03:29
303,71,105,2023-02-16 15:52:07,2023-11-15 20:55:21
304,78,385,2023-08-06 23:38:20,2023-11-30 11:08:25
305,19,480,2023-09-13 05:11:37,2023-11-20 23:01:44
306,18,224,2022-03-03 06:28:17,2023-01-01 14:28:46
307,88,313,2022-10-08 19:58:27,2022-10-20 01:27:39
308,67,125,2022-12-30 00:51:04,2023-04-10 20:09:35
309,32,140,2022-03-13 01:10:01,2023-07-07 04:36:59
310,82,15,2022-10-15 16:26:30,2023-03-10 08:04:48
311,48,92,2023-10-08 14:19:56,
312,10,147,2023-08-11 22:26:50,2023-11-08 22:13:46
313,72,142,2023-12-05 01:44:33,2023-12-08 20:47:07
314,77,227,2023-02-28 18:20:15,2023-07-09 06:45:40
315,30,328,2022-01-12 16:06:19,2023-05-10 23:16:03
316,43,122,2023-08-29 11:45:06,2023-12-07 12:44:54
317,92,46,2022-09-26 02:52:26,2023-04-12 18:34:52
318,13,170,2022-07-24 01:55:13,
319,18,211,2023-09-23 23:13:26,2023-11-07 20:16:39
320,4,127,2022-02-18 10:13:17,2022-11-26 05:33:10
321,81,132,2022-09-18 12:24:14,
322,2,90,2023-03-18 00:49:27,2023-05-28 07:18:40
323,55,401,2022-02-09 09:55:30,2023-09-01 01:53:03
324,4,247,2022-10-24 17:14:21,2023-11-05 20:27:50
325,87,194,2023-06-12 10:18:12,2023-09-06 10:34:15
326,39,237,2022-11-12 14:43:22,2023-10-05 08:33:47
327,68,339,2022-04-12 08:27:13,2022-07-11 05:19:23
328,42,277,2023-04-01 19:54:02,2023-05-17 06:45:50
329,41,171,2023-11-27 09:33:21,2023-12-05 21:43:59
330,17,239,2023-09-03 05:16:16,2023-10-05 17:42:36
331,72,269,2022-11-21 07:49:44,2023-07-22 20:55:31
332,26,110,2023-04-30 23:10:16,2023-07-09 07:12:44
333,48,380,2023-04-04 13:41:04,
334,60,342,2022-04-19 14:01:00,2023-12-09 12:11:20
335,78,247,2023-07-27 00:12:33,2023-08-13 14:04:30
336,55,258,2022-07-21 12:13:25,2023-05-15 05:52:14
337,43,51,2023-09-05 19:55:54,2023-11-27 15:09:03
338,84,231,2022-12-27 04:45:07,2023-11-30 02:46:33
339,81,241,2022-12-14 17:26:38,2023-05-27 16:07:42
340,65,334,2023-01-30 19:11:25,2023-03-13 17:55:11
341,92,49,2023-04-11 21:32:37,2023-06-03 03:34:44
342,16,228,2023-06-13 03:23:12,2023-07-17 04:16:38
343,26,235,2022-09-01 15:00:19,2022-12-24 21:52:39
344,30,69,2022-06-18 15:36:19,2023-11-18 01:14:15
345,17,330,2023-04-09 17:21:00,2023-10-23 00:19:45
346,32,273,2023-06-07 10:23:32,
347,31,355,2023-06-20 06:21:51,2023-10-03 08:20:19
348,11,322,2023-07-27 11:43:16,2023-11-18 20:16:56
349,59,61,2022-08-04 22:47:31,
350,60,117,2023-10-22 10:10:18,2023-11-17 14:59:27
351,52,268,2022-02-08 21:55:47,2023-04-27 20:53:20
352,91,487,2023-07-24 23:56:42,2023-07-25 12:32:36
353,25,241,2023-05-09 04:47:34,2023-11-04 03:49:40
354,100,369,2023-07-17 04:37:27,2023-11-21 12:37:38
355,57,54,2023-03-09 07:04:13,2023-04-15 18:54:28
356,63,62,2022-10-31 01:06:01,2023-11-29 16:53:02
357,53,468,2022-03-19 01:02:52,2023-04-16 20:00:26
358,28,169,2023-09-30 18:52:25,
359,81,118,2023-03-24 18:49:00,
360,35,477,2023-08-11 04:53:55,
361,58,115,2022-04-22 07:53:57,2022-09-13 02:52:20
362,80,228,2022-01-24 09:23:16,2022-06-01 21:55:24
363,92,44,2022-04-03 18:51:53,2023-05-20 00:35:57
364,70,195,2022-07-28 11:13:24,2023-09-30 20:41:26
365,11,458,2022-11-15 16:01:31,
366,36,135,2022-08-22 23:10:52,2023-10-18 18:23:32
367,90,301,2022-02-11 10:33:05,2023-04-01 13:47:43
368,54,154,2022-04-05 11:13:22,2022-08-01 18:13:43
369,67,329,2023-03-09 16:46:12,2023-07-20 20:50:49
370,15,10,2023-08-17 13:07:25,2023-09-07 07:10:35
371,72,132,2023-12-05 20:49:53,2023-12-06 19:39:47
372,50,428,2023-06-01 18:39:04,2023-11-06 00:47:56
373,2,415,2022-01-15 06:01:53,2022-04-28 13:35:19
374,26,112,2022-07-05 16:53:02,
375,76,101,2023-07-31 14:24:12,2023-10-01 06:32:56
376,37,282,2022-07-07 14:28:57,
377,2,212,2022-03-23 07:17:40,2022-12-01 10:35:37
378,16,144,2023-07-23 09:54:35,
379,100,6,2022-01-22 12:33:57,2023-04-02 11:19:01
380,6,296,2023-06-06 09:22:41,
381,50,29,2022-11-20 03:01:39,2023-07-22 16:39:01
382,42,316,2022-09-23 05:48:36,
383,82,349,2023-09-09 15:02:13,
384,83,189,2022-11-12 00:03:43,2022-12-04 15:52:50
385,85,18,2022-08-14 04:09:32,2023-03-06 14:08:23
386,9,482,2023-08-31 09:13:43,2023-10-06 01:17:23
387,70,209,2022-03-15 19:22:37,2022-09-03 15:18:06
388,26,173,2023-11-24 07:23:03,2023-11-26 16:58:18
389,37,239,2023-03-22 04:53:19,2023-06-27 18:40:40
390,85,17,2022-06-23 23:42:26,2022-10-07 01:36:09
391,23,150,2023-10-28 08:32:47,
392,84,109,2023-07-31 20:40:23,2023-12-08 19:28:59
393,28,471,2023-11-04 20:00:35,
394,62,231,2022-10-04 17:18:24,2022-12-17 12:52:15
395,3,91,2023-10-29 17:20:25,2023-11-25 09:48:47
396,26,55,2022-12-01 09:53:16,2023-08-05 22:49:10
397,74,105,2023-04-30 09:01:32,2023-09-29 02:18:12
398,93,94,2022-07-23 13:40:55,2022-11-27 14:29:19
399,95,416,2022-04-20 00:58:40,2022-12-24 05:44:15
400,31,370,2023-09-16 22:38:47,2023-09-29 04:57:34
401,82,105,2022-06-13 03:53:31,2022-12-02 23:48:40
402,45,131,2022-02-17 23:24:07,2022-08-22 12:10:40
403,92,45,2023-02-26 13:00:56,2023-04-15 15:55:53
404,17,150,2022-03-09 19:41:04,
405,71,303,2022-03-17 21:06:59,2023-07-11 03:04:51
406,7,259,2022-11-14 20:22:53,2023-01-08 16:03:48
407,80,124,2023-05-22 13:17:53,2023-09-15 18:53:11
408,37,52,2023-01-14 01:35:13,2023-08-11 18:52:51
409,100,189,2022-09-18 10:03:47,2023-08-19 12:34:57
410,17,454,2022-12-09 22:43:03,2023-07-10 09:11:50
411,80,457,2022-11-21 00:22:16,2023-02-01 22:12:03
412,51,497,2023-11-08 13:04:56,2023-12-10 03:00:33
413,21,212,2022-07-16 03:17:18,2023-08-25 11:32:20
414,45,117,2023-03-04 04:48:57,
415,56,315,2023-11-11 01:08:32,2023-11-25 05:48:20
416,92,218,2022-07-30 14:32:46,2023-06-10 11:09:42
417,95,173,2023-06-16 07:47:46,2023-09-08 03:43:54
418,43,159,2022-11-09 14:54:04,2023-03-04 14:30:45
419,17,165,2022-09-19 12:33:36,2023-11-28 17:51:11
420,93,52,2022-05-03 01:21:51,2022-09-22 06:24:48
421,10,408,2023-07-19 18:10:09,2023-08-12 14:31:47
422,56,340,2022-04-01 06:59:47,2023-09-26 22:35:04
423,40,320,2022-09-17 12:52:25,2023-06-06 03:05:08
424,41,424,2023-01-16 09:08:57,
425,54,219,2022-04-07 13:28:07,2023-11-24 06:58:40
426,88,112,2023-10-03 09:49:39,2023-12-06 06:09:04
427,99,413,2023-01-17 17:25:31,
428,90,408,2022-07-30 18:04:17,2023-02-23 08:14:20
429,31,257,2023-06-05 07:37:55,2023-09-06 08:58:11
430,74,375,2022-11-25 06:09:00,2023-10-05 21:54:03
431,76,389,2022-12-03 16:28:50,
432,63,195,2023-05-12 19:24:05,2023-07-14 10:43:15
433,64,117,2022-12-12 18:23:04,2023-03-24 06:44:38
434,73,322,2023-03-04 04:44:51,2023-07-12 09:44:05
435,5,428,2022-12-31 07:57:59,2023-01-19 21:20:59
436,82,486,2023-12-01 07:55:00,2023-12-04 02:49:45
437,9,262,2022-04-17 15:48:19,2022-07-07 07:11:36
438,43,362,2023-05-27 00:12:56,
439,72,297,2022-05-05 10:30:54,2022-11-16 17:19:03
440,35,63,2022-09-14 04:52:27,2023-10-17 02:53:48
441,47,29,2023-05-12 18:52:36,2023-06-18 05:13:05
442,25,100,2022-02-09 23:54:42,2023-01-24 11:39:07
443,64,195,2022-08-10 23:45:06,2022-10-12 00:09:50
444,94,207,2022-12-17 21:06:47,2023-10-26 01:55:49
445,71,380,2022-09-09 04:04:16,2023-07-31 21:57:10
446,56,207,2022-12-26 04:51:34,
447,69,384,2023-09-01 09:43:16,2023-09-28 13:46:03
448,93,25,2023-05-03 07:38:26,2023-07-06 19:26:01
449,99,15,2022-09-27 19:30:39,2023-08-08 05:12:21
450,87,200,2022-04-05 17:13:29,2023-02-03 08:22:45
451,10,298,2023-06-02 00:24:58,
452,78,253,2023-01-21 16:18:03,2023-02-15 19:06:40
453,35,165,2023-05-31 22:22:36,2023-09-15 16:39:06
454,9,63,2022-11-01 09:51:50,2023-01-14 13:23:07
455,60,66,2023-04-22 17:22:55,2023-10-06 12:16:55
456,68,200,2022-12-29 17:44:57,2023-09-25 13:11:55
457,70,231,2023-01-07 22:21:56,2023-08-08 16:52:02
458,95,347,2022-02-07 14:56:45,2023-03-15 09:52:23
459,60,263,2023-05-20 22:02:59,2023-11-04 07:26:35
460,54,252,2023-04-02 22:27:00,2023-08-17 15:58:09
461,55,380,2023-04-04 11:15:31,2023-09-22 11:14:23
462,86,340,2023-11-09 05:54:09,
463,88,211,2023-02-20 12:16:35,2023-06-12 09:11:40
464,87,457,2022-11-07 06:03:26,2023-05-21 00:02:03
465,71,214,2022-07-09 11:28:34,2023-01-26 20:49:58
466,80,375,2023-10-10 16:33:36,2023-11-19 03:59:14
467,39,433,2023-02-13 00:06:08,2023-06-16 10:51:02
468,70,483,2023-02-10 15:53:22,2023-07-17 20:06:14
469,33,74,2022-07-06 00:21:25,2023-07-09 05:21:33
470,73,108,2023-06-05 00:15:40,2023-06-24 04:13:07
471,93,122,2023-03-25 00:09:25,2023-09-07 00:24:15
472,39,349,2023-07-03 02:36:40,2023-12-09 01:27:40
473,59,42,2023-05-18 20:41:12,2023-08-07 20:57:21
474,95,355,2022-06-01 20:37:42,2023-04-04 12:07:54
475,62,326,2022-11-21 14:57:01,2023-03-25 13:21:54
476,95,380,2023-01-14 14:44:55,2023-08-06 11:54:48
477,50,350,2022-01-05 01:47:04,2022-02-07 19:05:24
478,37,258,2022-07-09 18:25:34,2023-12-08 21:23:28
479,100,238,2022-12-31 04:09:58,
480,59,403,2022-08-23 07:46:35,2023-03-19 00:14:17
481,39,129,2023-05-09 01:11:55,
482,78,389,2023-03-15 18:16:43,
483,69,350,2022-03-13 15:19:32,2022-09-12 14:53:03
484,13,282,2022-12-24 10:22:45,2023-03-15 04:21:12
485,94,411,2022-01-26 08:21:43,
486,73,180,2023-10-09 06:40:35,2023-10-17 17:18:22
487,74,137,2022-09-24 03:02:22,
488,10,134,2022-02-13 17:59:34,2023-04-23 04:44:14
489,73,44,2023-01-13 23:54:54,2023-08-18 01:22:09
490,58,145,2022-12-14 09:21:44,2023-05-10 07:20:53
491,24,120,2023-03-30 10:45:37,2023-11-19 12:33:34
492,98,374,2023-05-11 15:26:55,
493,72,391,2022-05-27 10:29:31,2023-04-23 20:55:52
494,30,58,2023-01-03 13:22:52,2023-03-09 05:53:28
495,58,67,2022-02-09 07:55:39,2022-04-25 22:00:19
496,58,295,2023-06-18 02:31:05,2023-08-01 01:21:30
497,9,423,2023-02-18 17:15:49,2023-03-13 08:43:39
498,99,269,2023-03-25 10:22:47,
499,40,229,2023-09-23 06:48:28,2023-09-26 15:52:53
500,5,145,2023-03-17 05:22:01,2023-07-08 13:37:19
501,39,305,2023-11-20 23:48:46,2023-12-11 03:06:08
502,71,181,2023-09-28 20:10:14,2023-10-21 17:35:09
503,9,200,2023-03-21 17:19:35,2023-09-07 04:55:39
504,80,441,2023-08-30 08:16:39,2023-12-05 15:08:14
505,68,447,2023-06-13 04:19:33,2023-07-02 15:46:15
506,3,325,2022-05-13 22:48:19,2022-08-10 05:58:20
507,56,1,2023-07-25 22:37:11,2023-10-06 16:10:13
508,36,453,2023-05-05 01:46:32,
509,37,25,2022-06-22 12:58:07,2022-12-29 13:03:10
510,30,61,2023-10-28 09:00:17,
511,50,153,2023-04-10 19:46:27,2023-04-29 13:26:25
512,23,317,2022-05-26 18:41:54,2022-08-02 18:24:07
513,92,290,2022-10-07 07:46:31,2023-06-09 15:25:49
514,15,13,2023-06-12 22:00:50,
515,51,400,2023-09-07 15:47:27,2023-09-23 00:11:53
516,18,255,2023-12-11 00:56:03,2023-12-11 00:58:22
517,83,300,2022-04-12 02:04:11,
518,90,73,2022-06-28 11:15:30,2022-07-12 16:29:27
519,84,116,2022-08-11 10:56:13,2023-03-25 00:52:36
520,43,394,2022-07-22 00:37:46,2023-07-27 12:03:19
521,30,207,2023-01-24 14:49:46,2023-11-20 04:21:09
522,87,321,2022-05-26 06:18:54,2022-09-05 06:54:22
523,21,270,2023-11-27 06:01:26,2023-12-04 18:50:55
524,68,101,2023-02-20 10:59:08,2023-11-26 19:07:25
525,88,475,2023-08-13 06:19:12,2023-10-07 03:58:56
526,85,255,2023-04-12 07:34:24,2023-11-15 13:03:54
527,52,155,2023-12-11 11:22:35,2023-12-11 12:39:56
528,30,386,2022-11-20 16:41:25,2023-01-23 22:33:03
529,74,57,2023-09-18 02:38:31,
530,95,488,2023-11-18 01:10:13,2023-11-23 00:54:39
531,70,299,2022-06-17 16:32:30,2022-12-18 00:30:17
532,59,282,2022-02-16 15:29:54,2023-12-05 18:45:07
533,39,385,2022-09-10 10:42:34,2023-01-03 14:54:51
534,77,395,2023-11-12 19:14:48,2023-11-15 12:00:20
535,51,76,2022-08-02 15:03:54,
536,10,23,2023-03-11 15:13:44,2023-08-18 04:49:35
537,70,128,2023-08-20 04:08:09,2023-10-21 17:14:14
538,92,404,2023-03-13 04:07:44,2023-05-17 19:57:42
539,19,113,2022-02-06 09:33:11,2023-07-06 04:54:37
540,94,54,2022-02-04 22:01:23,
541,52,444,2022-08-09 00:01:11,2023-11-19 21:44:35
542,67,316,2023-04-01 06:30:14,2023-05-13 12:08:16
543,43,173,2022-08-21 05:12:26,2022-11-04 20:12:54
544,31,426,2022-06-22 03:58:49,
545,95,78,2023-10-30 01:15:41,2023-11-11 12:27:05
546,75,491,2022-05-05 16:10:12,2022-11-24 08:29:36
547,75,222,2022-04-10 07:35:11,2023-09-03 10:39:09
548,19,137,2022-06-14 21:26:13,
549,17,114,2022-06-23 07:09:19,2023-04-08 16:44:08
550,51,45,2022-09-09 09:31:04,2022-12-08 08:40:55
551,25,62,2022-01-02 03:51:03,2022-02-08 14:48:12
552,72,468,2022-08-24 12:53:08,2022-12-28 04:13:40
553,3,335,2022-05-29 23:06:07,2023-06-23 07:32:05
554,93,370,2022-05-24 00:52:11,2023-02-14 00:59:02
555,83,306,2023-11-18 22:22:51,2023-12-05 02:43:35
556,75,412,2022-06-06 12:15:07,2022-09-17 22:04:39
557,17,94,2022-08-17 18:02:14,2023-04-25 02:02:08
558,47,384,2023-08-19 09:50:05,2023-09-07 09:25:39
559,54,328,2023-11-07 05:14:58,2023-11-22 10:27:13
560,64,192,2023-10-21 12:01:13,2023-11-29 06:55:37
561,52,464,2023-03-20 08:39:43,2023-10-06 04:22:51
562,51,31,2022-02-17 11:08:04,2022-10-11 05:21:20
563,69,260,2023-04-23 06:12:41,
564,60,425,2022-04-09 10:31:14,
565,85,208,2022-11-22 23:59:47,2023-08-27 05:24:50
566,98,186,2022-03-01 04:38:08,2023-06-08 02:42:37
567,100,19,2022-06-03 21:52:02,2022-11-05 13:15:56
568,98,414,2022-09-12 20:23:42,
569,56,476,2023-04-22 06:19:14,2023-06-06 01:06:41
570,75,344,2023-09-21 16:27:36,
571,40,400,2023-04-01 17:40:47,2023-10-16 07:37:26
572,47,467,2022-08-24 04:13:22,2023-07-06 22:58:55
573,89,158,2023-11-15 03:15:24,2023-11-16 05:10:11
574,69,7,2023-03-15 14:10:15,2023-06-17 22:04:14
575,25,40,2023-03-26 08:57:46,2023-11-01 15:03:24
576,7,229,2022-01-15 19:42:33,2023-12-11 05:23:16
577,9,122,2022-03-09 06:50:31,
578,35,392,2023-02-22 04:14:25,2023-04-15 05:01:25
579,89,329,2023-08-24 22:22:20,
580,89,9,2022-01-27 16:20:37,
581,95,455,2022-07-12 13:57:28,2022-09-06 22:51:53
582,8,137,2023-04-30 08:27:03,
583,3,370,2023-11-18 06:09:35,2023-11-21 15:50:03
584,80,227,2022-03-02 13:58:11,2022-04-04 09:59:28
585,31,256,2022-05-02 17:38:34,2023-07-30 04:04:36
586,88,201,2022-11-14 22:07:03,2023-12-07 10:04:01
587,51,393,2023-09-09 04:08:19,2023-10-23 12:29:38
588,29,145,2023-02-07 22:19:56,2023-06-27 05:17:24
589,71,368,2023-04-10 02:30:43,2023-05-19 13:06:05
590,39,74,2023-08-13 03:09:29,2023-11-23 04:10:23
591,55,112,2023-01-24 16:40:44,
592,65,217,2023-04-25 18:42:10,2023-10-18 21:40:18
593,34,19,2022-10-16 03:53:47,
594,93,309,2023-04-07 00:44:49,2023-04-22 11:09:57
595,58,472,2023-05-31 16:16:51,2023-12-05 18:01:57
596,64,113,2022-04-02 23:48:00,
597,17,124,2023-10-31 23:59:07,2023-11-29 12:39:15
598,33,306,2023-06-19 20:34:39,2023-08-08 17:48:42
599,95,60,2022-01-19 23:38:10,2023-11-03 06:52:41
600,56,141,2022-02-17 22:35:01,2022-09-18 12:44:28
601,51,74,2023-06-08 18:11:39,2023-06-25 12:19:25
602,90,245,2023-06-10 07:45:20,
603,37,397,2023-08-17 04:11:31,2023-08-20 20:55:38
604,4,461,2023-01-09 10:38:46,2023-07-05 11:03:55
605,88,47,2022-01-17 19:16:06,2023-02-15 21:49:10
606,35,130,2022-08-17 21:32:55,2022-10-09 10:48:38
607,39,285,2023-10-07 05:03:17,
608,73,119,2023-12-10 07:09:03,2023-12-10 19:07:35
609,26,209,2023-03-28 23:14:24,
610,57,155,2023-04-17 14:51:21,
611,87,337,2023-09-12 10:30:49,2023-09-23 15:40:30
612,62,397,2023-07-05 08:25:22,2023-11-25 20:18:20
613,51,122,2022-05-15 07:05:16,2023-06-18 21:06:17
614,90,206,2023-05-07 03:10:37,2023-06-23 18:31:45
615,70,497,2023-11-10 04:01:35,2023-12-11 15:08:04
616,60,375,2022-07-19 21:26:53,2023-09-21 20:12:55
617,9,81,2023-10-30 07:35:49,2023-11-17 08:18:05
618,29,176,2023-05-01 06:20:26,
619,25,444,2023-08-07 23:07:44,2023-11-28 21:13:20
620,83,385,2023-10-27 04:43:06,2023-11-15 13:58:42
621,37,165,2023-11-25 20:15:35,2023-11-27 11:23:27
622,34,75,2023-05-27 18:36:32,2023-09-21 11:37:32
623,52,64,2022-04-26 05:59:00,2023-08-06 02:36:52
624,47,154,2023-11-09 19:04:14,2023-12-01 15:50:28
625,95,41,2022-12-08 12:25:16,2023-04-13 10:27:28
626,59,459,2023-06-04 09:37:00,2023-10-15 14:39:02
627,85,363,2022-08-08 12:56:55,2022-10-31 12:48:26
628,3,420,2023-05-07 05:17:37,2023-08-17 04:22:41
629,85,82,2023-06-22 20:04:53,
630,58,104,2023-07-17 13:00:16,2023-10-07 01:29:47
631,87,442,2023-08-15 07:51:00,
632,58,470,2022-03-16 14:51:55,2022-05-21 03:15:08
633,70,253,2022-11-24 12:22:54,2023-03-26 11:47:49
634,18,110,2023-05-06 02:28:05,2023-07-07 02:04:57
635,93,446,2022-06-21 09:31:53,2022-12-25 05:53:07
636,46,383,2023-03-27 20:39:54,2023-07-12 00:48:08
637,35,141,2022-11-30 15:09:40,2023-08-27 09:45:45
638,88,55,2023-04-17 03:41:38,2023-05-14 07:42:22
639,75,131,2023-03-30 03:31:56,
640,63,68,2023-04-26 09:03:47,
641,52,219,2022-11-27 16:35:35,2023-11-05 16:09:32
642,88,91,2023-09-11 11:01:59,2023-10-16 03:06:24
643,2,279,2022-05-31 15:54:43,2023-06-07 23:44:22
644,54,73,2023-11-02 13:44:36,2023-12-08 16:59:57
645,92,164,2023-07-27 20:03:04,2023-10-04 00:52:55
646,23,132,2022-02-27 17:13:29,2022-06-02 00:29:06
647,68,178,2022-03-13 17:15:32,2022-08-08 13:20:00
648,84,15,2023-09-09 07:12:35,2023-09-18 17:20:44
649,27,399,2022-12-02 22:22:19,2023-04-14 07:19:33
650,56,197,2022-04-25 06:25:31,2023-08-20 23:37:51
651,93,86,2023-03-20 06:13:00,2023-05-02 14:49:59
652,56,82,2023-06-21 12:27:58,2023-07-21 07:38:21
653,21,417,2022-11-17 19:59:05,2023-10-04 08:48:26
654,46,194,2023-11-20 22:52:31,2023-11-26 16:44:17
655,4,131,2022-10-20 17:37:57,2023-05-26 23:07:12
656,24,233,2022-11-03 20:08:29,2023-06-02 17:25:21
657,46,470,2023-05-09 18:55:49,2023-09-16 07:59:55
658,2,79,2022-03-14 18:02:19,2023-11-21 15:39:27
659,31,60,2023-06-13 16:05:08,
660,82,28,2023-07-09 16:39:21,2023-09-12 02:50:13
661,4,154,2023-11-01 13:15:23,
662,56,172,2022-11-04 23:46:38,
663,9,184,2022-06-10 14:58:07,2023-06-09 06:41:28
664,30,157,2022-07-10 03:13:58,2023-05-12 18:07:33
665,23,298,2023-06-30 00:46:37,2023-08-05 22:31:17
666,73,53,2023-07-11 07:17:23,
667,21,43,2022-12-30 00:52:42,
668,17,27,2023-04-27 19:04:53,2023-05-05 22:45:53
669,47,99,2022-09-16 14:40:45,
670,59,297,2023-04-22 19:24:06,2023-09-20 11:10:57
671,34,278,2022-06-30 06:52:41,
672,30,41,2022-06-10 20:33:50,2022-08-30 20:32:55
673,21,443,2022-02-09 00:01:22,2023-03-04 03:16:51
674,57,242,2023-09-30 18:13:46,
675,83,367,2022-11-03 06:56:34,2023-10-22 13:06:22
676,4,161,2023-05-14 12:31:33,2023-05-17 08:29:52
677,7,246,2023-03-19 19:05:48,2023-05-13 05:45:58
678,20,79,2022-07-29 11:55:01,2023-05-04 15:06:43
679,13,344,2023-05-11 08:55:14,2023-11-22 02:52:55
680,27,368,2022-11-09 10:15:01,2023-10-05 18:34:47
681,35,219,2023-05-31 02:14:35,2023-10-09 22:23:05
682,3,410,2022-10-31 11:13:00,2023-02-15 05:27:01
683,68,355,2023-10-03 20:16:49,2023-10-12 05:02:44
684,93,276,2022-12-24 21:58:37,2023-04-09 07:08:53
685,82,491,2023-06-15 01:13:18,2023-06-17 03:26:45
686,70,189,2023-04-24 18:50:13,2023-05-22 04:58:22
687,67,173,2023-03-13 17:38:37,2023-06-26 14:15:11
688,82,310,2022-05-05 20:51:42,
689,62,351,2022-12-03 12:34:08,2023-03-10 11:33:06
690,84,213,2022-04-30 19:18:33,2023-08-28 09:48:45
691,59,233,2022-08-25 07:53:54,2023-02-08 13:36:15
692,47,428,2022-01-05 15:24:30,2022-08-10 03:38:06
693,25,199,2022-10-20 01:40:09,2023-03-20 01:29:58
694,84,184,2023-12-10 01:27:56,2023-12-10 22:43:35
695,35,493,2023-01-28 16:06:34,
696,65,256,2023-10-15 09:00:37,
697,91,37,2023-07-02 17:22:27,2023-12-04 01:58:38
698,90,354,2023-06-07 17:34:53,
699,7,7,2022-06-17 21:43:33,
700,88,102,2022-11-17 15:22:52,2023-03-11 17:09:29
701,47,294,2023-03-12 17:09:26,2023-05-28 08:43:58
702,23,189,2023-03-22 16:35:52,2023-07-23 22:00:10
703,63,404,2022-08-03 14:27:20,2022-09-24 09:57:33
704,46,195,2023-08-01 00:36:00,
705,2,164,2022-07-30 08:23:43,2023-12-10 09:41:28
706,4,339,2022-10-14 20:57:14,2022-11-28 11:37:44
707,5,71,2022-06-07 13:47:15,2023-05-09 19:09:39
708,53,377,2022-10-14 09:51:40,2023-04-02 08:28:49
709,91,126,2023-04-15 02:05:42,
710,71,491,2023-11-11 23:54:46,2023-11-22 20:36:54
711,60,258,2022-08-27 10:12:42,
712,10,27,2022-07-01 07:05:14,2023-03-05 13:23:17
713,62,466,2023-04-20 13:48:57,2023-05-02 05:53:09
714,43,291,2022-03-05 14:41:07,2022-08-16 03:36:32
715,43,75,2023-11-19 23:10:32,2023-11-25 17:50:54
716,37,114,2023-06-21 08:29:55,2023-10-30 21:25:00
717,9,256,2022-04-06 09:23:51,2023-10-30 19:47:39
718,53,229,2023-11-23 16:42:38,2023-11-25 03:15:33
719,80,284,2023-10-13 21:28:59,2023-11-08 05:04:24
720,27,424,2022-03-25 03:48:57,
721,24,477,2023-07-10 19:49:42,2023-09-19 20:32:18
722,62,308,2023-11-23 18:37:52,
723,62,223,2022-06-23 12:26:26,2022-10-14 08:53:01
724,5,468,2023-07-28 07:27:31,
725,83,26,2023-09-11 05:39:27,2023-12-08 22:24:56
726,19,160,2023-03-13 14:14:18,2023-06-25 04:05:50
727,24,258,2022-06-08 12:32:50,2023-06-19 10:42:02
728,47,500,2023-02-12 02:54:40,2023-10-19 18:00:48
729,59,1,2023-07-23 00:24:02,2023-12-09 13:14:19
730,13,69,2022-10-28 08:17:25,2023-07-28 03:54:04
731,67,36,2022-02-04 23:09:57,
732,17,3,2022-08-01 22:05:26,2022-08-07 20:31:40
733,40,426,2023-10-11 08:09:34,
734,80,404,2023-07-03 02:30:28,
735,71,288,2022-12-23 14:56:01,2023-04-01 02:36:36
736,10,457,2023-02-17 16:41:53,2023-06-20 12:27:40
737,18,63,2023-10-01 05:14:06,2023-12-05 10:14:33
738,77,215,2023-03-06 06:57:58,2023-08-21 06:05:48
739,53,390,2023-08-29 21:44:30,
740,25,211,2022-01-13 10:07:12,2023-03-25 01:09:38
741,80,235,2022-02-26 00:56:25,2022-10-23 14:52:27
742,30,497,2023-09-09 11:01:17,2023-09-18 22:57:42
743,37,335,2022-02-04 22:56:09,2022-08-20 05:13:13
744,73,38,2023-06-02 02:04:01,2023-06-18 16:19:51
745,17,160,2023-03-15 04:39:39,2023-03-21 16:25:51
746,2,470,2023-02-08 06:48:06,
747,17,410,2023-04-29 09:35:43,2023-05-14 14:01:49
748,20,30,2022-07-31 07:18:55,2023-03-30 00:51:31
749,84,379,2022-01-24 01:37:34,2022-02-24 00:38:56
750,10,32,2022-05-18 17:26:23,2023-04-07 22:55:30
